total_stop_frames,longest_stop_frames,num_stop_events,mean_stop_duration,mean_velocity,max_velocity,velocity_std,max_acceleration,max_deceleration,acceleration_std,position_std,frames_after_last_stop,object_file,hard_stop,momentary_stop
9022,9022,1,9022,0,0,0,0,0,0,2.84E-13,0,1733_460.csv,1,0
9022,9022,1,9022,0,0,0,0,0,0,1.14E-13,0,1852_484.csv,1,0
9022,9022,1,9022,0,0,0,0,0,0,0,0,1867_788.csv,1,0
9022,9022,1,9022,0,0,0,0,0,0,5.68E-14,0,1942_310.csv,1,0
9022,9022,1,9022,0,0,0,0,0,0,2.84E-13,0,1953_265.csv,1,0
9022,9022,1,9022,0,0,0,0,0,0,5.68E-14,0,2053_492.csv,1,0
9022,9022,1,9022,0,0,0,0,0,0,4.55E-13,0,2063_594.csv,1,0
9022,9022,1,9022,0,0,0,0,0,0,5.68E-13,0,2068_546.csv,1,0
9022,9022,1,9022,0,0,0,0,0,0,0,0,2138_398.csv,1,0
9022,9022,1,9022,0,0,0,0,0,0,4.55E-13,0,2144_627.csv,1,0
9022,9022,1,9022,0,0,0,0,0,0,5.68E-14,0,2217_417.csv,1,0
9022,9022,1,9022,0,0,0,0,0,0,5.68E-13,0,2218_626.csv,1,0
9022,9022,1,9022,0,0,0,0,0,0,4.55E-13,0,2311_620.csv,1,0
9022,9022,1,9022,0,0,0,0,0,0,5.12E-13,0,2315_406.csv,1,0
9022,9022,1,9022,0,0,0,0,0,0,5.68E-14,0,2316_406.csv,1,0
9022,9022,1,9022,0,0,0,0,0,0,4.55E-13,0,2397_614.csv,1,0
9022,9022,1,9022,0,0,0,0,0,0,5.12E-13,0,2402_407.csv,1,0
9022,9022,1,9022,0,0,0,0,0,0,4.55E-13,0,2484_452.csv,1,0
9022,9022,1,9022,0,0,0,0,0,0,4.55E-13,0,2559_607.csv,1,0
9022,9022,1,9022,0,0,0,0,0,0,9.10E-13,0,2567_433.csv,1,0
9022,9022,1,9022,0,0,0,0,0,0,1.14E-13,0,2649_551.csv,1,0
9022,9022,1,9022,0,0,0,0,0,0,0,0,2651_546.csv,1,0
9022,9022,1,9022,0,0,0,0,0,0,5.68E-13,0,2651_620.csv,1,0
9022,9022,1,9022,0,0,0,0,0,0,4.55E-13,0,2739_599.csv,1,0
9022,9022,1,9022,0,0,0,0,0,0,5.68E-14,0,2744_427.csv,1,0
9022,9022,1,9022,0,0,0,0,0,0,0,0,2817_613.csv,1,0
9022,9022,1,9022,0,0,0,0,0,0,4.55E-13,0,2821_447.csv,1,0
9022,9022,1,9022,0,0,0,0,0,0,5.68E-13,0,2896_622.csv,1,0
9022,9022,1,9022,0,0,0,0,0,0,5.68E-14,0,2913_430.csv,1,0
9022,9022,1,9022,0,0,0,0,0,0,4.55E-13,0,2980_613.csv,1,0
9022,9022,1,9022,0,0,0,0,0,0,5.12E-13,0,2990_456.csv,1,0
9022,9022,1,9022,0,0,0,0,0,0,4.55E-13,0,3055_395.csv,1,0
9022,9022,1,9022,0,0,0,0,0,0,5.68E-13,0,3170_446.csv,1,0
9022,9022,1,9022,0,0,0,0,0,0,1.14E-13,0,3241_618.csv,1,0
9022,9022,1,9022,0,0,0,0,0,0,5.12E-13,0,3271_454.csv,1,0
9022,9022,1,9022,0,0,0,0,0,0,9.66E-13,0,3272_455.csv,1,0
9022,9022,1,9022,0,0,0,0,0,0,4.55E-13,0,3340_604.csv,1,0
9022,9022,1,9022,0,0,0,0,0,0,4.55E-13,0,3430_465.csv,1,0
9022,9022,1,9022,0,0,0,0,0,0,1.14E-13,0,3439_622.csv,1,0
1643,801,57,28.8245614,1.712599625,20.018,3.226566695,12.956,-3.072,0.276748115,514.1595217,239,151.csv,0,1
699,93,68,10.27941176,2.262997485,28.727,4.373035137,18.835,-3.357,0.429171737,627.8419911,102,84.csv,0,1
432,77,48,9,4.482212201,46.814,9.629128657,15.92,-3.206,0.39953594,478.1365664,246,256.csv,0,1
355,60,27,13.14814815,4.948349077,42.305,9.466214895,21.759,-5.707,0.499414415,530.2444033,349,279.csv,0,1
319,42,34,9.382352941,2.406516215,21.471,4.862906775,9.829,-1.369,0.237552462,282.7140106,657,289.csv,0,1
301,51,22,13.68181818,5.508153279,59.507,11.0852306,21.79,-1.575,0.539091973,484.4137159,477,298.csv,0,1
287,40,27,10.62962963,5.142249527,45.066,9.24383583,12.803,-2.087,0.405342287,507.1562715,420,285.csv,0,1
274,37,34,8.058823529,1.932141339,21.4,3.896380528,9.323,-1.536,0.23966264,161.6583059,236,336.csv,0,1
271,50,24,11.29166667,5.868684594,47.386,8.996710953,15.535,-1.368,0.444088835,571.5206049,591,338.csv,0,1
265,26,34,7.794117647,1.790687952,17.586,3.143968152,6.949,-1.284,0.206753929,155.0846551,298,334.csv,0,1
261,48,22,11.86363636,5.995794872,26.47,7.775140449,12.795,-2.501,0.352311437,659.9101505,581,356.csv,0,1
259,62,24,10.79166667,3.624316473,36.088,7.961858648,3.101,-2.076,0.200254772,396.6107095,426,17.csv,0,1
257,33,30,8.566666667,2.625914994,20.015,4.666687082,9.814,-3.509,0.24449498,396.0633231,530,351.csv,0,1
252,36,34,7.411764706,2.444757571,38.132,5.572405984,38.047,-4.247,0.749304265,276.7940106,152,208.csv,0,1
248,34,25,9.92,5.715820883,52.591,10.33250134,18.658,-1.829,0.513251229,490.6726137,507,309.csv,0,1
237,230,4,59.25,6.010096957,41.866,8.668810929,24.68,-6.347,1.165438935,617.0118583,80,403.csv,0,1
236,34,28,8.428571429,5.618576293,49.209,9.950791976,18.65,-2.028,0.477117617,529.3247039,576,318.csv,0,1
232,36,33,7.03030303,4.243736301,36.368,7.561409881,15.93,-2.881,0.386672012,509.6706602,426,223.csv,0,1
211,17,30,7.033333333,1.84364843,31.045,4.635337529,15.776,-18.303,0.716981614,117.7377496,61,275.csv,0,1
209,68,27,7.740740741,2.523497612,28.401,4.347970344,12.495,-5.762,0.298990343,328.9516007,177,194.csv,0,1
209,40,32,6.53125,2.670867377,38.393,6.207121795,9.829,-2.146,0.266773875,236.1191926,307,316.csv,0,1
207,34,29,7.137931034,5.009493536,34.34,7.797616564,31.032,-4.527,0.820973877,599.161395,73,350.csv,0,1
204,64,25,8.16,5.251191872,42.78,8.397034427,12.823,-1.121,0.392272771,542.5927333,468,306.csv,0,1
199,27,25,7.96,5.142361712,49.993,9.286449819,37.285,-5.708,0.897846205,413.8388297,400,325.csv,0,1
196,166,13,15.07692308,4.336097605,29.168,7.75536547,18.743,-3.168,0.589303022,700.3172091,111,33.csv,0,1
183,38,21,8.714285714,6.019590361,31.059,7.979809998,12.796,-1.657,0.357666788,627.5644738,639,354.csv,0,1
181,54,16,11.3125,6.575037975,41.843,9.42244648,15.81,-1.861,0.456101436,601.3884482,609,361.csv,0,1
179,20,35,5.114285714,4.310356922,79.183,12.46971062,31.657,-1.102,0.732299797,441.0182054,17,545.csv,0,1
175,39,20,8.75,1.809839705,20.551,3.815748303,6.528,-4.303,0.333739375,102.5603016,297,597.csv,0,1
170,39,25,6.8,3.615571966,32.709,7.435757573,3.124,-3.079,0.210503626,390.9032851,377,86.csv,0,1
170,35,23,7.391304348,6.102759494,44.943,9.472423034,18.623,-1.907,0.484253984,534.9021444,551,345.csv,0,1
168,56,11,15.27272727,7.558637512,26.648,8.230172794,1.453,-1.222,0.201611529,701.2283907,593,18.csv,0,1
167,22,22,7.590909091,3.238557989,28.83,6.962189711,3.101,-2.054,0.207368497,311.595044,281,16.csv,0,1
166,120,10,16.6,5.782295652,50.691,9.700970927,31.071,-16.453,1.209417104,494.6258068,46,320.csv,0,1
163,30,18,9.055555556,5.829578271,44.123,8.712957889,16.734,-2.521,0.468100913,549.2445502,489,326.csv,0,1
159,31,22,7.227272727,1.93168728,20.02,3.768049153,2.599,-1.553,0.190836008,136.9156509,264,15.csv,0,1
158,43,20,7.9,2.222205681,20.816,4.52886996,0.914,-1.238,0.157880935,184.9401337,276,82.csv,0,1
156,46,9,17.33333333,6.418794048,21.631,6.745753925,0.924,-1.678,0.191636052,504.6517151,514,8.csv,0,1
154,19,25,6.16,0.592411858,6.183,0.446688231,4.358,-2.256,0.179320198,9.773361572,253,556.csv,0,1
149,48,10,14.9,6.923526365,21.96,7.412917525,2.599,-1.347,0.207819607,681.2047694,583,50.csv,0,1
148,38,10,14.8,7.186570973,27.199,7.605606006,6.248,-6.157,0.342980843,807.1606515,791,12.csv,0,1
148,25,18,8.222222222,2.517434969,21.034,5.005557785,3.496,-1.09,0.202404977,230.1715028,293,77.csv,0,1
146,37,16,9.125,5.795652482,32.984,9.579544145,3.117,-2.064,0.231046154,537.176107,386,119.csv,0,1
146,20,22,6.636363636,5.273099231,49.565,9.879027969,18.656,-1.528,0.471637152,473.8824214,483,292.csv,0,1
141,58,6,23.5,5.498288312,20.802,6.796383013,1.944,-1.628,0.204604879,403.5123117,400,34.csv,0,1
132,16,32,4.125,3.453508316,43.941,6.925366591,31.9,-7.651,0.815275118,351.6771693,139,212.csv,0,1
131,65,12,10.91666667,2.715465018,37.563,4.711090159,25.087,-28.942,0.621717735,232.8961156,43,166.csv,0,1
119,66,11,10.81818182,3.854964495,31.781,5.992518693,25.024,-4.91,0.60422294,555.312405,165,214.csv,0,1
116,28,11,10.54545455,7.390839453,28.566,7.980928914,2.317,-1.334,0.221252521,787.5092207,692,10.csv,0,1
115,68,7,16.42857143,6.264874359,20.097,7.292215518,1.876,-1.07,0.206966273,434.636955,474,42.csv,0,1
114,27,8,14.25,8.741606061,40.169,9.843713758,9.377,-5.237,0.499886847,905.7218784,520,218.csv,0,1
112,50,14,8,3.084546054,25.001,4.466980321,12.783,-2.943,0.373573746,316.6275013,314,453.csv,0,1
108,18,20,5.4,6.157173625,58.86,10.62022491,18.631,-1.782,0.583487445,460.5143268,443,282.csv,0,1
105,30,12,8.75,3.57388303,29.366,7.16340239,2.187,-1.371,0.195872017,357.6184532,343,1.csv,0,1
105,30,10,10.5,6.357048371,20.487,6.732009232,1.304,-0.976,0.199654913,564.21205,550,11.csv,0,1
104,51,11,9.454545455,4.569187885,31.466,7.059998599,22.073,-6.148,0.526744794,448.1413438,546,248.csv,0,1
104,24,12,8.666666667,7.276833065,32.436,7.653895569,15.268,-2.493,0.449354455,542.8769746,437,299.csv,0,1
103,16,18,5.722222222,3.30880376,31.392,6.672915368,3.639,-1.637,0.195029858,397.8597154,461,406.csv,0,1
100,33,11,9.090909091,9.815963636,46.585,14.1759151,15.288,-2.167,0.749792848,645.2326665,17,637.csv,0,1
98,23,9,10.88888889,5.913279361,19.331,6.149040453,0.644,-0.671,0.167848162,546.442749,530,49.csv,0,1
91,26,15,6.066666667,6.571487337,21.784,6.450781166,3.142,-4.402,0.372030753,735.8122134,572,83.csv,0,1
90,28,15,6,1.791168685,16.532,1.740504159,6.22,-6.13,0.326088426,22.75627404,131,266.csv,0,1
89,34,11,8.090909091,7.157592538,45.815,12.09846608,12.266,-1.768,0.543428878,604.8955165,55,600.csv,0,1
87,41,9,9.666666667,10.74987889,38.146,11.55436726,15.502,-1.589,0.567173309,847.3871462,503,465.csv,0,1
87,24,16,5.4375,6.136866667,44.993,11.25616884,20.566,-2.014,0.6393128,542.3445983,0,602.csv,0,1
85,19,19,4.473684211,4.356085846,45.513,9.786246437,40.199,-28.985,1.296734713,585.3672129,125,564.csv,0,1
84,30,9,9.333333333,10.7570543,32.707,10.41593596,1.453,-1.804,0.222338952,836.4250416,1205,2.csv,0,1
82,30,8,10.25,6.795710468,22.395,7.078880676,3.124,-3.079,0.236989938,545.0333456,600,13.csv,0,1
82,25,10,8.2,7.193426931,24.651,7.466036027,1.876,-1.046,0.218181357,645.6104388,535,51.csv,0,1
81,17,21,3.857142857,5.499384149,32.904,7.501827186,28.165,-22.488,1.04528941,590.6720879,77,268.csv,0,1
80,20,18,4.444444444,4.875862108,40.522,8.69278813,31.206,-2.522,0.771743825,500.8504627,49,283.csv,0,1
78,39,12,6.5,4.184628283,26.13,6.529123921,12.39,-2.048,0.372024463,338.8452875,540,429.csv,0,1
78,21,11,7.090909091,8.128976861,38.447,8.184789389,15.846,-2.337,0.543252089,811.8406807,642,280.csv,0,1
78,18,11,7.090909091,7.122424514,25.382,7.287444591,3.101,-2.054,0.284810857,860.4486368,772,21.csv,0,1
78,17,14,5.571428571,6.463725937,43.511,11.36924444,15.632,-1.08,0.510829261,610.48639,57,601.csv,0,1
77,32,9,8.555555556,2.324131648,30.134,3.589437565,17.03,-7.061,0.588099439,100.1165944,274,574.csv,0,1
75,37,7,10.71428571,10.69455199,42.332,12.87043341,13.698,-0.627,0.673478107,631.7511133,28,647.csv,0,1
74,19,20,3.7,4.216659206,45.918,8.402072895,37.293,-9.036,1.029168052,318.9772831,821,274.csv,0,1
73,44,10,7.3,4.716021241,38.597,8.865378274,11.278,-4.903,0.407950367,335.7406658,474,123.csv,0,1
73,42,11,6.636363636,8.694022663,42.381,11.73462288,15.647,-1.94,0.575663888,785.0923494,28,611.csv,0,1
67,32,5,13.4,11.18007452,31.328,9.511898812,23.967,-4.676,0.979476277,885.0168949,373,172.csv,0,1
67,29,8,8.375,6.466293329,27.411,6.323595478,10.184,-1.287,0.445164311,580.6452565,568,404.csv,0,1
66,14,12,5.5,7.674633959,23.434,7.238230613,3.124,-2.604,0.243676378,920.8595358,802,56.csv,0,1
66,11,11,6,3.274574521,27.275,4.848958897,2.585,-0.964,0.271939273,133.4603884,621,195.csv,0,1
64,15,10,6.4,7.073526639,27.074,7.395943739,3.101,-2.054,0.232233245,921.4789526,898,3.csv,0,1
63,33,6,10.5,7.016908463,22.199,6.777751171,3.124,-3.079,0.242882865,758.7862436,769,4.csv,0,1
62,20,9,6.888888889,6.619560921,39.806,9.218756432,25.635,-1.861,0.805986973,517.3998743,384,288.csv,0,1
60,34,6,10,10.00219841,50.41,13.6370099,39.897,-6.691,1.57869371,570.1230961,147,641.csv,0,1
59,17,12,4.916666667,5.135163848,32.985,8.017795548,15.66,-1.475,0.464510671,380.7293732,600,133.csv,0,1
59,13,8,7.375,6.152941615,24.264,7.451708195,4.337,-1.355,0.313108752,421.5243185,351,14.csv,0,1
59,13,15,3.933333333,4.650009921,20.988,4.974172648,9.283,-6.251,0.559314215,447.0512753,921,392.csv,0,1
57,12,10,5.7,7.710194667,23.23,7.497371677,3.124,-3.079,0.293001583,807.9850319,899,6.csv,0,1
51,37,3,17,11.74363696,29.42,8.531512,9.399,-3.677,0.497569858,1124.969383,817,137.csv,0,1
49,14,8,6.125,7.630787997,23.142,7.178354492,1.106,-1.258,0.225233596,934.2015579,915,9.csv,0,1
48,15,7,6.857142857,6.032793269,19.555,5.99218548,0.861,-0.912,0.193236774,453.2127906,478,27.csv,0,1
47,9,12,3.916666667,6.102878271,42.699,8.628786444,17.768,-9.639,0.841534913,500.1505164,631,365.csv,0,1
46,25,6,7.666666667,9.31353733,45.472,12.78116046,15.619,-2.788,0.668629662,691.8437032,161,627.csv,0,1
46,18,14,3.285714286,3.555572378,41.617,7.335156314,34.919,-9.199,0.811370368,484.0577294,186,246.csv,0,1
46,9,14,3.285714286,4.54413451,22.136,4.607932803,15.506,-6.41,0.588115151,545.7974416,210,570.csv,0,1
45,29,6,7.5,5.183545573,43.844,6.369043055,40.825,-5.048,1.002015767,229.121751,217,337.csv,0,1
45,28,4,11.25,8.950537405,31.153,8.108827814,21.826,-7.777,1.085508967,897.2960642,527,99.csv,0,1
43,18,6,7.166666667,7.309368852,27.686,8.117441933,4.64,-1.908,0.475181438,590.9465158,586,7.csv,0,1
42,37,3,14,17.57013757,37.077,13.92651566,12.236,-2.101,0.602680119,1200.845113,120,654.csv,0,1
42,34,3,14,12.39448282,41.971,13.44373943,15.583,-2.044,0.846752478,605.673717,6,657.csv,0,1
41,38,4,10.25,14.00933897,35.686,10.53002822,24.986,-5.444,1.073945653,999.0032206,403,240.csv,0,1
41,18,6,6.833333333,7.011538715,24.241,7.759332029,7.026,-2.376,0.607613785,492.4998386,203,48.csv,0,1
41,13,9,4.555555556,5.668680598,32.297,7.648084076,24.265,-7.482,0.695073014,451.1574403,524,332.csv,0,1
40,38,3,13.33333333,8.746495627,24.416,8.301666998,21.716,-3.674,0.902816636,675.9291552,375,445.csv,0,1
40,30,4,10,6.321982287,24.641,7.652124443,9.191,-1.349,0.466713101,431.9549506,205,649.csv,0,1
40,22,6,6.666666667,11.22243163,46.627,13.79127906,15.314,-1.705,0.820716879,603.4415744,32,651.csv,0,1
40,6,17,2.352941176,2.331722267,27.861,3.26090622,15.784,-5.052,0.543690982,170.3559742,41,260.csv,0,1
39,38,2,19.5,4.614353548,37.452,3.953733576,18.933,-9.336,0.609650999,143.6485644,61,300.csv,0,1
36,19,8,4.5,5.548799461,49.761,8.880346977,21.719,-10.259,1.108273413,309.5944537,280,407.csv,0,1
36,13,5,7.2,5.618469649,19.752,6.468460338,0.861,-0.607,0.190294762,311.2993377,423,46.csv,0,1
35,8,7,5,7.698895369,47.737,10.22473359,15.779,-1.653,0.607819107,658.3591769,491,382.csv,0,1
34,16,5,6.8,6.449719481,24.609,6.389937066,6.259,-6.168,0.510035526,347.1166222,405,59.csv,0,1
34,13,10,3.4,5.825877735,32.033,6.256067831,21.661,-17.237,1.116073358,517.577406,67,364.csv,0,1
33,14,5,6.6,6.62717576,22.281,6.441935732,15.737,-2.581,0.603930768,672.0900494,35,28.csv,0,1
31,18,7,4.428571429,10.1447333,34.384,8.228888811,27.877,-3.081,0.978207999,864.9124866,249,444.csv,0,1
31,16,5,6.2,3.913502607,43.902,8.287398979,3.124,-3.079,0.240085245,242.4200472,316,97.csv,0,1
31,9,6,5.166666667,7.396991765,23.525,7.232465172,12.758,-3.356,0.397489855,781.2385049,574,416.csv,0,1
30,28,3,10,5.63260504,35.587,6.796292191,18.904,-5.023,0.763217605,385.1451085,98,323.csv,0,1
30,9,8,3.75,6.449581758,22.77,7.474366447,3.124,-3.079,0.286402464,471.6960097,484,43.csv,0,1
30,8,10,3,5.990064408,20.048,6.009512794,19.098,-16.9,1.072834081,465.2596729,142,76.csv,0,1
29,25,3,9.666666667,6.972620737,22.536,6.500585802,3.124,-1.61,0.389787837,401.23321,349,53.csv,0,1
28,16,2,14,6.355418033,18.166,5.304085621,1.33,-1.652,0.287831274,384.8107564,651,5.csv,0,1
28,15,5,5.6,6.743780133,28.176,7.081357521,24.943,-7.153,1.13869325,435.2872569,160,376.csv,0,1
27,10,7,3.857142857,6.844737154,23.312,7.093226049,3.102,-2.055,0.275126066,585.9903308,724,95.csv,0,1
26,9,8,3.25,10.21617997,30.004,7.444507151,28.115,-8.279,1.263038669,989.2687118,39,105.csv,0,1
24,11,7,3.428571429,3.997364696,27.042,6.113417107,5.508,-4.317,0.294097569,420.5964878,479,550.csv,0,1
23,21,3,7.666666667,4.659420955,25.975,6.336202222,6.202,-6.112,0.368508187,531.8982842,1953,456.csv,0,1
23,14,4,5.75,7.045738908,42.465,9.238748385,24.833,-10.573,1.085646622,606.1871435,987,343.csv,0,1
23,12,6,3.833333333,8.883037791,33.228,7.991947056,22.615,-7.166,1.326932139,588.5735539,133,524.csv,0,1
22,7,6,3.666666667,6.04769483,35.773,8.911456917,12.703,-1.42,0.420769962,698.6810155,162,584.csv,0,1
22,4,8,2.75,5.257489346,38.082,7.320099262,28.13,-3.317,0.628436953,371.4564585,413,277.csv,0,1
17,9,4,4.25,4.524808181,19.569,4.978790093,1.876,-1.175,0.284370368,224.2804794,345,98.csv,0,1
15,13,3,5,12.90408591,30.389,9.92641562,9.909,-5.365,0.866677841,684.116547,452,58.csv,0,1
15,4,7,2.142857143,5.708483871,21.502,5.522086059,4.381,-1.696,0.394374588,283.5789658,319,547.csv,0,1
14,5,5,2.8,6.299696875,20.598,6.902942747,9.42,-3.08,0.620119373,299.3637657,144,29.csv,0,1
14,5,5,2.8,6.572634945,29.415,5.617163431,16.598,-10.237,1.147549989,305.7548049,152,588.csv,0,1
12,10,2,6,3.336385417,10.699,3.122628026,3.108,-2.058,0.547472165,30.86516717,81,104.csv,0,1
11,8,3,3.666666667,3.615820366,15.153,3.479992414,1.844,-1.018,0.267780309,193.382194,485,103.csv,0,1
11,7,4,2.75,7.57773935,20.849,6.920359525,1.453,-1.093,0.233029303,1012.69556,778,71.csv,0,1
11,7,3,3.666666667,7.574909369,24.64,7.621763305,3.725,-4.5,0.536008083,257.9171764,441,89.csv,0,1
11,5,4,2.75,6.02223913,16.543,5.72442918,2.187,-0.935,0.214847607,394.114019,603,44.csv,0,1
10,9,2,5,9.783675636,37.976,7.624638982,34.057,-4.201,1.01616624,728.6036909,223,419.csv,0,1
10,7,4,2.5,8.240368864,32.717,7.017050638,16.471,-4.824,0.993150682,474.4321047,151,636.csv,0,1
10,6,3,3.333333333,2.887737154,15.988,3.899241256,2.157,-1.014,0.293941928,57.4152104,292,52.csv,0,1
10,5,4,2.5,6.620754561,48.639,5.407171591,48.639,-18.665,1.605298178,1519.414577,121,271.csv,0,1
9,6,2,4.5,11.71425882,24.771,6.924630014,1.704,-1.35,0.32716565,560.5954546,454,78.csv,0,1
9,3,5,1.8,5.40719201,20.419,6.129408691,2.076,-3.081,0.368757325,151.5553636,276,114.csv,0,1
8,7,2,4,5.103806597,20.546,4.493580984,15.613,-2.178,0.686840314,103.4922705,199,644.csv,0,1
8,3,5,1.6,7.838134406,48.38,11.65451754,19.447,-10.251,0.880242828,602.0030701,228,313.csv,0,1
8,3,5,1.6,6.439096995,19.159,6.537502428,3.124,-3.079,0.300053439,455.7978611,434,41.csv,0,1
7,6,2,3.5,9.116352417,23.433,7.380570062,13.825,-7.583,0.847691376,539.7152158,232,458.csv,0,1
7,2,5,1.4,15.99799868,37.66,10.26836223,15.781,-3.57,0.743924911,1025.930296,454,504.csv,0,1
6,5,2,3,5.741092391,19.049,4.540649501,9.931,-3.052,0.670322256,230.7417231,52,96.csv,0,1
6,4,3,2,11.02589583,28.985,8.671595122,22.203,-9.653,1.142905236,883.709473,109,68.csv,0,1
6,3,3,2,8.556436232,22.292,5.747425709,16.022,-3.766,1.041645057,723.9820693,87,63.csv,0,1
5,5,1,5,8.984486811,25.55,9.119185313,3.15,-1.434,0.498130895,338.5402813,412,142.csv,0,1
5,4,2,2.5,11.90322682,20.216,5.496473001,3.316,-3.088,0.607368797,364.347181,296,143.csv,0,1
5,4,2,2.5,11.37172931,25.904,6.961666623,14.304,-7.985,0.782517291,1059.618897,438,188.csv,0,1
5,4,2,2.5,10.52629082,27.644,8.884040041,22.568,-7.255,0.855178862,720.2712827,638,460.csv,0,1
5,3,3,1.666666667,14.80243631,32.88,7.746011787,15.878,-8.489,1.364560956,992.4663292,78,512.csv,0,1
5,3,3,1.666666667,6.992400335,20.841,6.527543946,6.249,-3.056,0.527357381,315.6427241,475,72.csv,0,1
5,2,4,1.25,5.911451477,18.457,4.351364274,12.648,-4.252,1.194834633,131.301536,24,605.csv,0,1
4,4,1,4,10.31258261,23.31,6.837893817,2.191,-1.276,0.368273365,422.4199077,456,92.csv,0,1
4,3,2,2,19.90019189,48.209,14.04031677,43.874,-8.08,2.445869946,718.1383569,48,199.csv,0,1
4,3,2,2,11.74874351,27.864,6.295204783,9.791,-1.471,0.421740427,997.4366323,636,424.csv,0,1
4,3,2,2,10.641161,27.528,7.812557375,9.806,-2.323,0.418898196,1000.44654,588,463.csv,0,1
4,3,2,2,9.407897959,20.859,5.073274169,15.809,-5.846,1.209155814,700.1100062,75,481.csv,0,1
4,3,2,2,8.1971,15.948,4.113955259,9.823,-2.31,0.695776792,525.4316297,95,529.csv,0,1
4,2,3,1.333333333,13.66647926,24.922,6.433374158,19.013,-4.028,1.160380615,879.4856154,300,60.csv,0,1
4,1,4,1,14.12596583,31.355,4.762584056,16.941,-30.339,2.110780688,777.2050102,59,148.csv,0,1
3,2,2,1.5,14.15790301,39.82,7.847174892,21.895,-6.736,1.332854156,1122.709586,144,503.csv,0,1
3,2,2,1.5,15.39467134,43.679,10.29140342,21.79,-6.264,1.452930517,1042.279818,69,533.csv,0,1
3,2,2,1.5,13.98946996,27.663,6.328000668,11.309,-12.523,1.395706343,317.9008667,135,62.csv,0,1
3,2,2,1.5,11.22071345,21.727,4.519412939,21.727,-6.321,1.737600519,374.6175878,215,94.csv,0,1
3,1,3,1,19.83468605,38.026,11.08350602,28.925,-4.662,1.872192669,1241.06754,154,182.csv,0,1
3,1,3,1,10.32647714,21.924,4.877632614,12.526,-7.836,1.588019457,463.1680037,197,191.csv,0,1
3,1,3,1,24.52630127,46.44,14.41556809,12.67,-3.914,1.18731531,1224.148586,278,236.csv,0,1
3,1,3,1,18.49823059,31.709,5.406844906,25.185,-5.042333333,1.589066713,1084.484033,295,87.csv,0,1
2,1,2,1,25.2198575,37.426,3.182765933,28.036,-12.791,2.464930943,929.0904167,267,108.csv,0,1
2,1,2,1,17.00298218,23.993,3.365071318,18.819,-6.09,1.20683635,861.0729249,290,109.csv,0,1
2,1,2,1,10.73785951,23.655,7.322937837,16.862,-5.408,0.852244805,1049.827769,221,125.csv,0,1
2,1,2,1,17.35031839,50.715,4.848718143,37.366,-31.335,2.758319864,1081.432202,505,144.csv,0,1
2,1,2,1,18.16729603,26.166,5.407861461,22.208,-3.387,1.453286975,1068.306676,262,149.csv,0,1
2,1,2,1,33.47472527,41.637,3.801821065,28.402,-32.165,3.159285977,859.4316999,249,150.csv,0,1
2,1,2,1,20.7379571,35.187,8.932597283,24.519,-11.421,2.263492746,933.8669465,45,152.csv,0,1
2,1,2,1,22.48410811,34.912,4.79824862,34.533,-8.33,2.41132505,1073.428123,234,157.csv,0,1
2,1,2,1,20.86356844,38.903,9.078282159,21.98,-6.705,1.523226255,1046.380018,102,160.csv,0,1
2,1,2,1,23.09714603,34.567,5.647095952,20.041,-9.254,1.612906521,1240.605054,423,179.csv,0,1
2,1,2,1,11.42441518,18.234,4.66468629,12.909,-3.069,0.989153294,478.5937095,128,20.csv,0,1
2,1,2,1,15.68231579,21.796,3.710860328,20,-7.268,2.052374297,337.0326384,30,229.csv,0,1
2,1,2,1,24.19495102,41.423,10.54087628,18.994,-6.41,1.464762383,1258.308597,275,233.csv,0,1
2,1,2,1,18.51728571,27.834,4.706208725,18.996,-6.166,2.741982748,274.7254043,37,245.csv,0,1
2,1,2,1,14.07927604,20.179,3.431984729,15.925,-4.052,1.907354495,284.7887974,47,249.csv,0,1
2,1,2,1,23.62181215,34.932,5.657169238,28.314,-9.02,2.17225702,855.8372286,276,25.csv,0,1
2,1,2,1,12.27420139,30.277,6.140789702,24.864,-15.106,2.246514034,449.8193709,112,270.csv,0,1
2,1,2,1,22.95862109,33.555,5.132718969,25.097,-2.758,1.472583137,1168.372564,277,296.csv,0,1
2,1,2,1,17.68084483,28.524,4.437914064,19.112,-24.262,2.87642997,291.7147503,58,30.csv,0,1
2,1,2,1,21.87041358,28.12,5.796955945,24.826,-1.749,1.39024676,1112.083228,198,328.csv,0,1
2,1,2,1,22.90874143,33.764,7.832509841,16.713,-3.033,1.522021118,841.0985311,202,352.csv,0,1
2,1,2,1,27.32246706,40.177,8.109083616,19.821,-4.426,1.672506914,1219.427336,352,379.csv,0,1
2,1,2,1,28.47781159,37.693,4.020037379,30.477,-24.931,2.696542951,1136.134426,334,381.csv,0,1
2,1,2,1,8.535245858,38.104,9.149293295,12.766,-1.992,0.499165481,757.0920479,797,423.csv,0,1
2,1,2,1,19.08046331,33.628,6.252533896,31.584,-5.584,1.696241988,883.601585,256,436.csv,0,1
2,1,2,1,8.879714903,26.372,7.048725417,9.8,-4.004,0.564601512,630.8180322,708,455.csv,0,1
2,1,2,1,15.56396212,28.107,5.069631064,28.107,-10.731,1.493932914,959.6879979,245,491.csv,0,1
2,1,2,1,15.44345016,40.495,6.080716001,24.995,-7.946,1.536273479,993.8991137,341,498.csv,0,1
2,1,2,1,17.19750998,27.924,5.352385789,21.698,-3.103,1.076613626,989.2497002,278,499.csv,0,1
2,1,2,1,20.2084511,27.524,5.013564955,22.329,-7.099,1.595608422,1031.564055,101,505.csv,0,1
2,1,2,1,19.00448768,42.191,5.868023805,34.093,-9.286,1.991487403,784.761053,71,516.csv,0,1
2,1,2,1,21.68131517,31.047,4.436261761,15.524,-8.828,2.342119312,465.3767729,96,539.csv,0,1
2,1,2,1,8.359054348,11.175,2.411502338,6.945,-3.76,0.794045661,155.182421,180,544.csv,0,1
2,1,2,1,9.376235294,19.326,5.808784742,14.001,-8.032,1.189384874,332.2454983,344,64.csv,0,1
2,1,2,1,13.5803655,45.755,11.26290215,34.208,-27.642,2.052880475,900.333577,738,643.csv,0,1
2,1,2,1,12.84929167,23.253,6.234085511,13.289,-2.496,1.396167917,341.7721985,49,79.csv,0,1
2,1,2,1,10.07954396,18.115,4.837351127,14.017,-3.778,1.521735982,208.0593673,48,85.csv,0,1
2,1,2,1,32.82167284,44.11,8.087814944,37.513,-14.646,4.367831647,560.4165961,53,88.csv,0,1
2,1,2,1,15.37638114,30.116,4.551097561,12.194,-4.763,0.844234402,1040.653788,371,90.csv,0,1
0,0,1,1,27.06694872,30.226,1.902803687,25.185,-2.889,1.365263884,1089.457611,428,100.csv,0,0
0,0,1,1,17.17480591,25.297,5.483149492,6.248,-3.056,0.405038214,1325.084737,710,107.csv,0,0
0,0,1,1,18.12141765,22.107,1.247323054,22.107,-5.244,1.266748819,596.6287901,339,110.csv,0,0
0,0,1,1,14.57011602,28.205,4.881828571,25.073,-8.457,2.15740728,270.595862,180,112.csv,0,0
0,0,1,1,31.26358718,39.443,5.290101701,9.881,-1.982,0.728687568,1139.469436,389,113.csv,0,0
0,0,1,1,30.57965829,40.288,5.518401285,9.883,-5.115,0.734815205,1173.019087,397,115.csv,0,0
0,0,1,1,18.73948148,21.365,3.107657736,11.27,-2.411,1.271796246,244.1312765,107,116.csv,0,0
0,0,1,1,28.17572685,37.28,4.627593284,12.888,-2.143,0.751338448,1141.194507,431,117.csv,0,0
0,0,1,1,20.13096716,32.909,7.177028977,6.99,-2.892,0.439612402,1311.862654,608,118.csv,0,0
0,0,1,1,21.35630667,32.202,4.28070982,32.202,-7.482,3.926776302,177.7902283,74,120.csv,0,0
0,0,1,1,32.88052396,43.824,3.366874092,28.18,-16.009,2.287076316,963.02244,312,121.csv,0,0
0,0,1,1,28.3238814,36.639,4.751701902,6.991,-1.901,0.549062756,1153.003276,429,122.csv,0,0
0,0,1,1,13.31788577,19.951,3.817501777,6.267,-3.298,0.682824901,356.3219891,266,124.csv,0,0
0,0,1,1,21.77257576,29.203,5.30529978,19.043,-2.353,3.559626839,69.09056442,32,126.csv,0,0
0,0,1,1,32.83760773,38.513,3.750561196,25.224,-10.365,1.693263745,1123.854413,361,127.csv,0,0
0,0,1,1,14.33640237,22.685,5.509627911,6.998,-3.18,0.879148342,299.974057,168,128.csv,0,0
0,0,1,1,27.05624889,33.232,3.97105495,12.908,-1.725,0.716241686,1140.330928,449,129.csv,0,0
0,0,1,1,14.2600625,19.29,3.50251184,11.226,-3.211,1.155486184,268.8006412,159,131.csv,0,0
0,0,1,1,23.31698656,28.353,5.210217812,9.902,-2.428,0.537241289,1216.52635,520,132.csv,0,0
0,0,1,1,13.01250658,19.001,3.050990413,15.666,-11.245,1.652523308,220.1737383,151,136.csv,0,0
0,0,1,1,16.02902326,19.055,2.155666939,14.018,-2.594,1.719165603,137.9646112,85,138.csv,0,0
0,0,1,1,14.68335032,21.42,3.513517727,6.268,-3.104,0.824102061,257.5792062,156,140.csv,0,0
0,0,1,1,24.86001629,28.829,3.431028077,9.403,-3.086,0.615216169,1221.807773,490,141.csv,0,0
0,0,1,1,12.69743312,20.5,4.557355184,8.37,-3.796,1.034238884,239.7124409,156,145.csv,0,0
0,0,1,1,13.44738261,28.154,6.662027092,19.847,-2.941,2.088076531,195.6772393,114,146.csv,0,0
0,0,1,1,26.86844667,40.032,7.397077675,9.406,-2.329,0.630074096,1166.719523,449,147.csv,0,0
0,0,1,1,12.00616279,17.839,3.563832379,3.876,-1.672,0.519267874,242.9123368,171,153.csv,0,0
0,0,1,1,13.16999379,21.73,4.743029606,4.441,-1.259,0.512272677,254.6299401,160,155.csv,0,0
0,0,1,1,32.50982561,52.507,10.10537555,28.454,-3.692,1.573496797,1247.049814,366,156.csv,0,0
0,0,1,1,24.42946414,40.969,7.272380452,12.94,-1.698,0.749010882,1097.049672,501,158.csv,0,0
0,0,1,1,22.79325465,38.989,6.887288256,18.3,-4.051,0.963700015,1087.051455,537,159.csv,0,0
0,0,1,1,25.82396429,34.624,4.618767456,25.097,-15.211,2.379807078,475.1210231,195,161.csv,0,0
0,0,1,1,13.77518571,28.301,3.62378084,14.238,-3.219,1.342917077,374.639621,314,162.csv,0,0
0,0,1,1,13.22582524,22.704,5.67511757,7.015,-1.842,0.753243629,252.557261,205,167.csv,0,0
0,0,1,1,32.6953871,56.973,8.45283686,44.176,-8.329,3.830990405,481.3233038,154,170.csv,0,0
0,0,1,1,37.12040083,44.064,3.872990496,44.064,-5.839,4.213834056,430.5793404,120,171.csv,0,0
0,0,1,1,30.51940441,59.482,12.29912472,22.918,-2.075,1.320812138,1155.14583,407,173.csv,0,0
0,0,1,1,36.44545619,54.247,4.453137352,53.495,-13.305,4.066516861,659.7153009,193,176.csv,0,0
0,0,1,1,42.81246386,51.196,5.513674291,47.605,-2.236,5.300883154,338.6519175,82,177.csv,0,0
0,0,1,1,29.35395642,61.508,14.77609251,12.968,-4.332,1.120018555,1231.978916,412,183.csv,0,0
0,0,1,1,28.04170892,43.487,7.339459912,16.037,-1.198,0.966409654,1241.704048,425,185.csv,0,0
0,0,1,1,27.1509863,32.056,5.359233044,24.991,-1.53,3.068823122,187.1892143,72,19.csv,0,0
0,0,1,1,27.99258919,43.618,10.02000326,5.639,-3.838,0.815429514,537.3543957,184,196.csv,0,0
0,0,1,1,14.25204762,31.319,4.114424922,31.319,-11.951,5.571541978,64.62607596,41,197.csv,0,0
0,0,1,1,15.44682166,22.303,4.71502986,19.784,-0.827,1.622779064,290.0464045,156,198.csv,0,0
0,0,1,1,23.30517747,31.005,4.811442413,6.264,-3.75,0.835004775,674.8160541,292,203.csv,0,0
0,0,1,1,19.24674731,25.915,4.048297718,9.393,-4.502,1.178581777,400.279581,185,204.csv,0,0
0,0,1,1,20.11043229,28.983,3.672767488,22.791,-17.778,2.251129431,441.2554766,191,205.csv,0,0
0,0,1,1,21.95904545,30.328,5.121141207,7,-1.511,0.563469681,677.0028905,307,206.csv,0,0
0,0,1,1,19.28509091,22.7,2.118038732,12.517,-7.772,1.510553075,348.8538159,153,207.csv,0,0
0,0,1,1,16.32619731,20.787,3.901914739,3.863,-1.612,0.534512552,407.0717803,222,210.csv,0,0
0,0,1,1,27.80140586,38.088,6.283564062,15.645,-4.117,1.334761238,664.7850585,238,211.csv,0,0
0,0,1,1,25.45626236,33.684,5.442020974,12.515,-6.337,1.110641427,691.4077694,262,213.csv,0,0
0,0,1,1,23.51187456,32.246,7.495722762,8.848,-2.017,0.653959425,691.9314293,286,215.csv,0,0
0,0,1,1,16.27578182,20.827,3.271649907,11.276,-4.902,0.911224235,403.4986339,219,216.csv,0,0
0,0,1,1,19.2965812,28.319,6.153492972,6.255,-1.786,0.513373562,704.6356504,350,217.csv,0,0
0,0,1,1,27.08774032,60.451,15.77016859,25.206,-1.223,1.356384009,1258.626906,438,219.csv,0,0
0,0,1,1,22.15755,26.094,3.708864915,9.372,-2.088,1.706108362,170.4085658,79,22.csv,0,0
0,0,1,1,18.65646341,26.922,2.9077197,9.375,-2.301,0.891567526,391.5694399,204,220.csv,0,0
0,0,1,1,17.21036298,22.995,2.448948433,12.48,-9.158,1.436730837,366.3248481,207,221.csv,0,0
0,0,1,1,21.26463208,32.665,7.84340583,6.986,-1.915,0.563629747,702.4878615,317,224.csv,0,0
0,0,1,1,17.53706667,23.516,2.627269533,13.272,-4.465,1.31625407,374.4472806,209,225.csv,0,0
0,0,1,1,15.14465833,22.677,2.248750307,18.998,-5.937,2.148052645,205.0293854,119,226.csv,0,0
0,0,1,1,15.26095238,21.936,1.904876924,15.925,-9.382,1.833995534,188.8149194,125,227.csv,0,0
0,0,1,1,25.56244764,47.146,10.78141456,12.493,-6.11,0.745877572,1256.923304,486,228.csv,0,0
0,0,1,1,11.67739809,16.587,2.531828883,9.879,-1.303,0.617264294,439.4678607,313,23.csv,0,0
0,0,1,1,16.61354444,20.014,2.111455886,9.875,-1.769,1.174084523,238.3429133,134,230.csv,0,0
0,0,1,1,27.74257083,31.445,2.123447801,19.751,-4.999,1.601136219,667.7306742,239,231.csv,0,0
0,0,1,1,21.67118627,30.877,6.999703717,9.369,-2.3,0.694261802,719.5400176,305,232.csv,0,0
0,0,1,1,14.55057391,19.786,2.7163053,9.875,-3.531,0.801658591,370.9416011,229,234.csv,0,0
0,0,1,1,30.3242381,56.042,14.52842813,28.288,-2.456,1.545831193,1151.121832,377,235.csv,0,0
0,0,1,1,25.43841045,34.511,5.343355092,6.986,-5.217,0.854747641,713.0582471,267,237.csv,0,0
0,0,1,1,13.33737104,17.076,2.546057835,9.372,-2.301,0.749994022,329.997977,220,238.csv,0,0
0,0,1,1,17.19546032,25.199,5.145247597,12.88,-3.389,0.990421944,473.1485422,251,239.csv,0,0
0,0,1,1,28.94811005,40.689,2.770304816,24.752,-6.053,2.217703378,587.9978691,208,24.csv,0,0
0,0,1,1,18.75020313,22.423,2.287382012,15.924,-2.648,1.896036931,225.6182582,95,241.csv,0,0
0,0,1,1,30.43395552,46.149,6.823969133,31.851,-2.196,2.011573567,941.2025145,280,242.csv,0,0
0,0,1,1,14.31203721,18.983,2.848684727,6.984,-1.58,0.618138753,347.0027173,214,243.csv,0,0
0,0,1,1,23.10488814,30.03,4.797396822,9.371,-4.366,0.873168886,655.6671221,294,244.csv,0,0
0,0,1,1,19.59609954,31.829,2.441734649,16.8,-4.51,1.24434678,888.4323133,431,247.csv,0,0
0,0,1,1,26.00693488,37.487,4.641138746,31.851,-2.883,2.324139149,529.5215948,214,250.csv,0,0
0,0,1,1,19.60890208,25.468,5.465165137,9.875,-3.227,0.73686334,698.5063078,336,252.csv,0,0
0,0,1,1,13.02311111,15.587,2.162935017,15.587,-3.786,2.382044161,97.1828064,53,253.csv,0,0
0,0,1,1,21.82028155,30.703,5.148560184,6.627,-6.966,0.789357299,652.8981942,308,254.csv,0,0
0,0,1,1,22.62788814,31.638,2.099781366,18.992,-6.293,1.313360458,652.5460806,294,255.csv,0,0
0,0,1,1,29.23259016,34.476,3.454214666,34.476,-2.833,3.232500074,447.0564839,121,257.csv,0,0
0,0,1,1,21.51756369,25.202,3.132501899,9.359,-2.106,0.70107778,663.1743298,313,258.csv,0,0
0,0,1,1,19.8506748,29.158,3.164496999,18.295,-2.578,2.166144432,306.6936823,122,259.csv,0,0
0,0,1,1,28.51566942,38.062,3.228281226,18.751,-10.094,2.362159863,327.7143076,120,26.csv,0,0
0,0,1,1,27.68278912,38.059,6.092988874,15.582,-2.98,0.904727067,1279.624568,440,261.csv,0,0
0,0,1,1,27.64019247,41.518,3.925853767,25.113,-3.558,1.841349032,645.5532221,238,262.csv,0,0
0,0,1,1,25.66162775,44.895,7.957671233,16.774,-1.351,0.950603867,1209.254248,453,263.csv,0,0
0,0,1,1,23.93357527,37.54,3.722507167,25.638,-3.877,2.170364017,512.9002863,185,264.csv,0,0
0,0,1,1,34.94791237,47.719,5.78894628,21.795,-2.932,1.809285358,645.8127648,193,265.csv,0,0
0,0,1,1,32.21615566,44.988,4.946673525,15.561,-1.609,1.388740033,660.5137025,211,267.csv,0,0
0,0,1,1,33.13706311,40.981,4.574249019,21.774,-2.675,1.693819067,691.6147626,205,269.csv,0,0
0,0,1,1,32.43541294,37.838,2.778310871,28.162,-4.019,2.200923704,664.8640194,200,272.csv,0,0
0,0,1,1,28.62231796,55.913,11.50884162,18.66,-2.056,1.172791137,1219.27598,411,273.csv,0,0
0,0,1,1,20.57643243,29.114,4.246825485,25.638,-7.661,4.631084329,75.64891164,36,276.csv,0,0
0,0,1,1,23.57453535,45.008,8.651616122,18.65,-3.152,1.023037525,1202.850328,494,278.csv,0,0
0,0,1,1,17.34395297,23.215,2.695695031,12.808,-2.398,0.776720878,741.0563894,403,281.csv,0,0
0,0,1,1,27.83275598,59.629,13.0287399,23.651,-1.87,1.385261807,1127.311734,417,286.csv,0,0
0,0,1,1,32.46445355,43.684,7.13060149,9.328,-2.059,0.686609875,1139.77569,365,290.csv,0,0
0,0,1,1,14.43066818,21.824,5.447955811,6.218,-1.919,0.346054989,1400.020765,882,291.csv,0,0
0,0,1,1,24.156,35.64,4.723061149,15.465,-4.619,1.994281861,304.089756,139,293.csv,0,0
0,0,1,1,27.954,35.112,3.340595232,18.776,-4.554,2.399765693,344.5045837,127,294.csv,0,0
0,0,1,1,31.80255172,44.085,8.822910416,9.339,-2.409,0.664839118,1171.993178,376,297.csv,0,0
0,0,1,1,23.9771726,34.318,3.838438794,21.485,-9.328,1.843318501,649.0990593,280,301.csv,0,0
0,0,1,1,32.54581522,42.005,7.340797394,18.677,-5.321,1.127362714,1160.891001,367,302.csv,0,0
0,0,1,1,10.6417,22.037,3.263080841,12.833,-6.372,1.568412135,135.1108738,134,303.csv,0,0
0,0,1,1,20.87258639,46.686,7.300949575,30.904,-7.417,1.654328107,1178.747779,572,304.csv,0,0
0,0,1,1,29.44378431,39.148,6.275897169,12.823,-2.912,0.784796391,1138.423504,407,305.csv,0,0
0,0,1,1,22.02622303,37.152,7.56525658,15.856,-6.364,0.839760576,1213.0335,546,308.csv,0,0
0,0,1,1,28.63692509,32.748,3.32199483,18.743,-5.684,1.403851223,796.1622808,286,31.csv,0,0
0,0,1,1,26.45708772,37.442,5.576261332,8.796,-3.412,0.774301457,1174.783033,455,311.csv,0,0
0,0,1,1,37.14364688,42.488,4.24617486,24.877,-10.585,1.926955083,1112.085636,319,312.csv,0,0
0,0,1,1,23.48189388,50.169,6.367962059,28.148,-11.922,2.546879196,529.4953105,244,315.csv,0,0
0,0,1,1,21.26507516,26.187,2.592593553,18.906,-2.8275,1.80747585,311.3005058,152,317.csv,0,0
0,0,1,1,29.25878894,35.994,3.47888709,19.657,-3.973,1.771710001,578.7166936,198,319.csv,0,0
0,0,1,1,23.58825792,32.871,3.96202466,22.089,-1.567,1.116411208,966.160285,441,32.csv,0,0
0,0,1,1,29.93675595,38.864,3.821918956,21.977,-4.163,2.037446921,511.1086578,167,321.csv,0,0
0,0,1,1,28.37940046,34.307,4.076250356,18.902,-7.912,1.732947081,581.9421079,215,322.csv,0,0
0,0,1,1,21.06522302,46.158,8.030873093,16.734,-2.288,0.869274838,1103.139154,555,327.csv,0,0
0,0,1,1,26.20015813,31.594,2.703582039,28.652,-3.249,1.451122003,1156.624424,448,329.csv,0,0
0,0,1,1,30.91334456,42.367,7.372532007,9.83,-2.365,0.890301122,1157.055482,385,330.csv,0,0
0,0,1,1,25.22988114,34.804,5.44462567,14.968,-10.777,1.298274574,930.1538584,386,331.csv,0,0
0,0,1,1,26.46461538,31.278,4.11847562,6.596,-1.573,0.544684792,1188.378047,454,333.csv,0,0
0,0,1,1,22.23700372,29.171,3.034794302,6.949,-1.629,0.488945721,1121.094874,537,335.csv,0,0
0,0,1,1,30.74261381,40.044,5.927457655,9.321,-2.462,0.725383415,1151.641913,390,339.csv,0,0
0,0,1,1,26.7186,34.938,4.789619265,21.964,-3.475,1.149798015,1115.94644,439,340.csv,0,0
0,0,1,1,31.01412853,37.819,5.499151404,9.315,-2.074,0.627569659,1167.070971,388,342.csv,0,0
0,0,1,1,24.19568763,31.151,5.073681547,16.718,-2.38,1.044816418,1207.582141,492,344.csv,0,0
0,0,1,1,33.80939377,40.563,5.614730782,13.841,-5.72,1.50981171,1156.474303,352,347.csv,0,0
0,0,1,1,31.93715119,41.626,5.812800659,6.94,-2.539,0.709042798,1156.70069,376,349.csv,0,0
0,0,1,1,24.33313846,32.182,4.952494198,16.823,-1.352,2.181023457,164.5060346,64,35.csv,0,0
0,0,1,1,23.47503448,30.264,4.04757744,16.713,-9.065,2.578256812,268.2915256,115,353.csv,0,0
0,0,1,1,25.28964789,29.285,3.545423195,25.006,-4.001,3.260039596,174.1918676,70,355.csv,0,0
0,0,1,1,25.83743629,35.194,7.639670742,6.938,-4.08,0.613030971,1161.582204,462,357.csv,0,0
0,0,1,1,24.83008506,35.416,7.541227249,8.045,-3.445,0.628276882,1145.30334,481,358.csv,0,0
0,0,1,1,9.787833333,13.074,1.967554901,11.157,-6.514,1.107585239,222.094907,227,359.csv,0,0
0,0,1,1,48.48777119,52.996,5.943060014,34.362,-2.893,3.30014469,553.2181519,117,36.csv,0,0
0,0,1,1,33.3401676,44.969,7.602183327,18.862,-8.853,1.211604515,1152.099859,357,360.csv,0,0
0,0,1,1,22.17795411,43.364,7.270242236,18.078,-2.125,0.934104408,1193.834443,522,362.csv,0,0
0,0,1,1,29.4557,40.024,6.043995615,21.911,-12.085,5.575316488,131.6601798,39,363.csv,0,0
0,0,1,1,36.32614031,46.876,5.419985939,37.697,-20.629,3.289169555,701.2909861,195,367.csv,0,0
0,0,1,1,31.10406364,37.14,3.449445134,18.59,-5.925,1.337616328,1140.419751,384,368.csv,0,0
0,0,1,1,30.94031937,41.329,7.134246111,41.329,-6.345,2.242786325,1264.329696,381,369.csv,0,0
0,0,1,1,32.38281203,35.755,4.28501088,28.115,-1.819,2.520868009,411.8921922,132,37.csv,0,0
0,0,1,1,25.01386177,53.084,10.57202669,22.54,-2.133,1.226506768,1177.944505,462,371.csv,0,0
0,0,1,1,28.5365908,36.654,4.386436805,21.886,-2.489,1.253481474,1256.66914,412,374.csv,0,0
0,0,1,1,20.01788288,25.082,3.48909609,9.787,-5.053,1.449514608,254.0402486,110,375.csv,0,0
0,0,1,1,38.56580858,47.141,4.792143147,28.019,-3.752,1.838797888,1128.796272,302,378.csv,0,0
0,0,1,1,37.53363472,40.344,3.469239223,28.801,-3.26,2.228506844,685.9813501,192,38.csv,0,0
0,0,1,1,30.5206,36.607,5.94532226,27.853,-6.323,4.501537036,156.5073313,49,383.csv,0,0
0,0,1,1,17.15238095,24.705,4.417867585,6.922,-1.732,0.910700872,252.3458748,125,385.csv,0,0
0,0,1,1,29.76082759,37.808,4.120417946,13.644,-5.284,1.071749755,1149.291256,405,386.csv,0,0
0,0,1,1,22.44967888,26.353,2.584584976,15.471,-2.491,0.853176015,1041.248777,463,387.csv,0,0
0,0,1,1,25.74129412,30.532,3.301901649,25.523,-5.608,1.387314503,1146.366329,458,389.csv,0,0
0,0,1,1,28.48075561,41.103,5.912427636,22.089,-2.903,1.225227047,1048.045625,400,39.csv,0,0
0,0,1,1,21.43630357,25.518,2.602425911,25.518,-4.473,2.66777057,259.6505119,111,391.csv,0,0
0,0,1,1,29.487,34.817,4.751014039,12.758,-1.688,0.765465536,1181.84123,407,393.csv,0,0
0,0,1,1,27.90711813,32.938,2.909778141,18.802,-4.078,1.363855479,950.9488221,363,394.csv,0,0
0,0,1,1,22.98847082,41.19,8.167506391,15.471,-2.058,0.913480923,1201.024864,496,395.csv,0,0
0,0,1,1,32.23792297,37.746,3.847195117,21.875,-3.119,1.23331268,1110.685267,356,396.csv,0,0
0,0,1,1,20.07188676,33.377,5.21770482,12.758,-2.94,0.722029342,1238.485661,573,397.csv,0,0
0,0,1,1,24.65979762,30.471,3.453849924,30.471,-9.424,3.747304214,241.2639261,83,398.csv,0,0
0,0,1,1,17.31836585,38.19,3.810315108,16.485,-9.082,2.94030351,175.2880091,81,400.csv,0,0
0,0,1,1,31.29096104,38.999,5.564665225,9.78,-2.117,0.758233454,1153.653581,384,401.csv,0,0
0,0,1,1,13.29364777,16.438,1.671224018,9.273,-2.846,0.712597637,670.2491223,493,402.csv,0,0
0,0,1,1,24.28888889,28.716,4.576756755,11.085,-2.366,1.620348155,257.2927764,89,405.csv,0,0
0,0,1,1,26.29272523,32.71,3.260940854,28.007,-8.699,1.769339084,1095.021062,443,408.csv,0,0
0,0,1,1,39.32991166,42.562,3.4878207,34.166,-2.018,2.089021973,1084.895297,282,409.csv,0,0
0,0,1,1,36.50350453,41.377,4.976458034,16.656,-2.03,1.051685994,1161.915946,330,410.csv,0,0
0,0,1,1,21.83162617,24.663,4.15063134,8.749,-3.488,1.139193926,267.3657962,106,411.csv,0,0
0,0,1,1,17.06361373,30.62,6.95013122,18.561,-8.177,0.926374738,1190.673299,698,412.csv,0,0
0,0,1,1,15.23675335,39.193,7.222984002,12.374,-1.62,0.633285272,1085.640587,745,414.csv,0,0
0,0,1,1,25.15759322,29.155,2.986783335,18.823,-1.965,1.200874068,713.8895522,294,415.csv,0,0
0,0,1,1,19.70397642,25.522,2.461328169,12.378,-4.476,1.322926796,392.0619981,211,417.csv,0,0
0,0,1,1,21.077578,26.622,3.263825601,15.794,-3.534,1.100664531,498.917533,249,422.csv,0,0
0,0,1,1,18.88766508,33.269,6.521073542,18.584,-5.541,0.941956011,1161.034925,629,427.csv,0,0
0,0,1,1,26.56961538,29.529,2.582083446,21.902,-4.179,1.615584257,582.5779003,220,428.csv,0,0
0,0,1,1,38.39765495,49.87,6.767465309,18.586,-3.614,1.325316965,1156.37184,312,430.csv,0,0
0,0,1,1,11.21125407,22.156,4.356712367,9.796,-1.525,0.408721053,1038.471731,1042,431.csv,0,0
0,0,1,1,17.60611364,23.926,4.483736856,22.549,-4.385,3.743807112,75.2829715,43,432.csv,0,0
0,0,1,1,18.6412,22.19,3.33106553,6.923,-2.503,1.117787649,251.7542665,114,434.csv,0,0
0,0,1,1,31.3993776,38.73,4.476137085,12.772,-2.076,0.826000389,1134.850911,383,437.csv,0,0
0,0,1,1,27.59031422,31.895,3.710216298,12.391,-2.985,0.732984106,1162.511382,435,438.csv,0,0
0,0,1,1,19.51520161,28.128,4.392835049,6.926,-2.872,1.173681806,271.0681924,123,439.csv,0,0
0,0,1,1,32.05406366,40.956,6.204693518,12.77,-1.897,0.795806946,1174.676707,376,440.csv,0,0
0,0,1,1,20.95257325,29.795,2.620640714,12.625,-2.765,1.03762534,634.7221493,313,441.csv,0,0
0,0,1,1,20.36167517,26.875,4.589058498,11.58,-1.736,0.878045317,1198.670464,587,442.csv,0,0
0,0,1,1,17.616912,22.338,3.193369772,13.14,-1.863,1.309648147,257.0461576,124,443.csv,0,0
0,0,1,1,35.14297067,43.177,5.700440237,18.584,-6.014,1.204060399,1134.976965,340,447.csv,0,0
0,0,1,1,32.77851913,41.58,6.326001248,9.799,-2.524,0.769467792,1157.966996,365,448.csv,0,0
0,0,1,1,15.06628226,18.243,1.849108788,9.879,-1.868,1.095404493,239.0389766,123,45.csv,0,0
0,0,1,1,31.18697656,40.617,6.876210292,9.804,-1.986,0.721332367,1164.873388,383,451.csv,0,0
0,0,1,1,27.10197506,35.758,4.867545609,11.184,-2.039,0.662548342,1132.246553,440,452.csv,0,0
0,0,1,1,26.27770705,29.669,3.722774518,9.806,-2.087,0.626722355,1170.993921,453,459.csv,0,0
0,0,1,1,23.61518677,35.74,8.690692175,12.784,-2.73,0.833978088,1268.706605,513,461.csv,0,0
0,0,1,1,25.98306977,30.112,5.441232968,13.155,-1.569,1.613620281,275.0426909,85,462.csv,0,0
0,0,1,1,29.21973902,36.169,3.935374554,12.401,-2.661,0.810430827,1124.949745,409,464.csv,0,0
0,0,1,1,23.38750633,29.111,4.717593082,15.502,-2.911,2.202699706,185.1460045,78,469.csv,0,0
0,0,1,1,36.90482333,52.351,10.28717996,21.867,-2.521,1.364110401,1074.486621,299,47.csv,0,0
0,0,1,1,16.46259322,34.021,5.015109923,12.401,-2.132,0.651167183,1065.674768,707,471.csv,0,0
0,0,1,1,30.66907161,41.111,4.204361635,16.696,-2.952,1.25497006,1129.38374,390,472.csv,0,0
0,0,1,1,16.18947619,22.243,3.769061113,9.314,-1.965,1.574832688,99.51999751,62,475.csv,0,0
0,0,1,1,21.71697191,26.475,1.912487446,24.792,-2.96,1.960032875,382.5262245,177,476.csv,0,0
0,0,1,1,24.06399214,41.012,7.866410001,12.396,-1.607,0.806860854,1233.979406,508,477.csv,0,0
0,0,1,1,29.89461097,33.401,2.854419143,24.977,-2.8,1.341696493,1114.477256,382,478.csv,0,0
0,0,1,1,17.93415493,25.253,5.515270768,9.813,-3.016,1.407200511,130.4062663,70,479.csv,0,0
0,0,1,1,27.12912018,31.702,3.790965631,16.685,-2.493,0.912702583,1130.478339,440,480.csv,0,0
0,0,1,1,22.25875758,32.986,5.294944535,15.781,-11.433,5.104197984,73.40129353,32,482.csv,0,0
0,0,1,1,23.17000777,34.52,7.404268601,9.797,-2.777,0.598516284,1156.499715,514,483.csv,0,0
0,0,1,1,19.03431405,23.763,3.157452486,13.144,-2.528,1.479198117,267.353125,120,484.csv,0,0
0,0,1,1,25.32135518,30.205,4.021331699,12.392,-1.843,0.677642072,1162.349733,472,485.csv,0,0
0,0,1,1,23.55661188,31.974,5.837531679,8.774,-1.797,0.585567213,1153.899872,504,488.csv,0,0
0,0,1,1,17.62489516,19.882,2.666110668,11.186,-1.54,1.1469553,250.0837986,123,490.csv,0,0
0,0,1,1,22.91215637,31.364,6.276493419,12.799,-3.632,0.676951669,1238.049475,517,492.csv,0,0
0,0,1,1,18.28627642,24.02,3.505857336,11.193,-8.962,1.473172612,256.9372587,122,493.csv,0,0
0,0,1,1,27.14208656,32.451,5.094117658,12.418,-2.491,0.763266721,1179.645058,438,495.csv,0,0
0,0,1,1,11.12366327,19.656,3.032835432,9.789,-2.936,2.200307963,55.68739599,48,497.csv,0,0
0,0,1,1,26.38702987,33.348,5.578239419,13.872,-3.932,0.781275627,1180.744362,451,500.csv,0,0
0,0,1,1,18.3675,22.325,3.121495543,6.932,-1.969,1.050291284,252.2872799,115,501.csv,0,0
0,0,1,1,17.70899174,21.72,3.263517564,11.155,-2.409,1.288660756,255.1233155,120,506.csv,0,0
0,0,1,1,29.08687073,33.225,4.081036825,9.787,-2.046,0.743435601,1142.096926,409,507.csv,0,0
0,0,1,1,18.41844565,36.196,5.299457139,13.318,-9.599,1.229316132,939.0558229,551,508.csv,0,0
0,0,1,1,18.84470297,24.948,3.71705868,13.846,-1.97,1.643126901,222.0605601,100,509.csv,0,0
0,0,1,1,15.03302222,20.764,3.334035624,10.972,-3.86,1.416827841,243.7415551,134,510.csv,0,0
0,0,1,1,14.15975146,21.241,5.321182751,9.289,-6.08,0.529899635,1139.650628,854,511.csv,0,0
0,0,1,1,5.276573784,19.466,5.037340874,9.29,-2.214,0.55748376,200.4779775,1212,514.csv,0,0
0,0,1,1,18.53752778,22.638,4.617922941,15.49,-3.977,1.68125737,241.1217888,107,517.csv,0,0
0,0,1,1,17.23731232,31.397,8.273242339,9.797,-3.96,0.698346749,1150.591162,697,518.csv,0,0
0,0,1,1,30.16795025,39.966,7.180256817,12.387,-4.631,0.820042043,1327.314911,401,519.csv,0,0
0,0,1,1,20.2376087,37.386,5.13882163,28.61,-3.574,2.179703669,474.0131985,206,520.csv,0,0
0,0,1,1,13.93647807,25.487,3.340817728,18.553,-5.134,2.016683406,193.4903878,113,522.csv,0,0
0,0,1,1,30.31453351,55.553,10.17608791,18.619,-3.484,1.234796234,1218.105188,387,523.csv,0,0
0,0,1,1,27.35303478,39.004,3.881636275,19.22,-5.134,2.656979562,296.0924147,114,525.csv,0,0
0,0,1,1,19.80425443,36.455,11.229123,12.457,-2.705,0.645679901,1203.549289,620,532.csv,0,0
0,0,1,1,18.86865794,29.658,6.653118417,15.564,-2.976,0.712879068,1301.09372,610,535.csv,0,0
0,0,1,1,22.65099448,42.801,12.79467012,12.828,-2.259,0.726147068,1220.997458,542,538.csv,0,0
0,0,1,1,22.58877413,52.775,14.68232135,15.841,-2.712,0.830687324,1241.153701,548,540.csv,0,0
0,0,1,1,15.25898182,20.712,4.471463595,9.317,-3.987,1.766726785,88.11604702,54,543.csv,0,0
0,0,1,1,26.12933516,40.385,7.934933132,10.702,-5.15,1.010811404,963.107992,363,55.csv,0,0
0,0,1,1,16.7609875,25.25,5.802599016,3.194,-1.294,0.377645439,696.27513,399,552.csv,0,0
0,0,1,1,16.33657561,23.418,4.475757536,3.113,-1.187,0.341733015,693.3968605,409,553.csv,0,0
0,0,1,1,27.56851934,45.386,3.973198753,28.676,-12.514,3.292926204,467.8902655,180,557.csv,0,0
0,0,1,1,28.52889231,34.209,2.490382578,27.978,-2.898,2.08713834,542.8770304,194,559.csv,0,0
0,0,1,1,29.37403659,34.838,2.921505241,25.635,-5.643,2.281694561,462.7876596,163,560.csv,0,0
0,0,1,1,15.65742365,20.32,3.345555694,6.217,-1.247,0.591723742,365.8492782,202,561.csv,0,0
0,0,1,1,20.9744232,27.458,5.37260631,8.794,-2.228,0.635778959,711.6564962,318,562.csv,0,0
0,0,1,1,17.79264571,22.427,2.405813374,22.427,-5.057,1.814692673,391.1626361,174,563.csv,0,0
0,0,1,1,16.60567526,20.782,4.086686964,6.214,-2.324,0.63839181,376.9152745,193,566.csv,0,0
0,0,1,1,22.93727055,28.94,5.48679683,6.946,-2.319,0.676969059,697.7912067,291,567.csv,0,0
0,0,1,1,18.90435211,23.904,2.664326562,15.83,-1.946,1.489015143,292.0824168,141,569.csv,0,0
0,0,1,1,16.98369935,22.571,4.106439303,22.571,-8.257,2.122035426,342.1667758,152,57.csv,0,0
0,0,1,1,24.18968345,27.233,3.627141233,11.185,-2.37,0.858126518,686.4965557,277,571.csv,0,0
0,0,1,1,31.74183784,49.82,6.029745191,31.769,-9.108,4.931432674,221.0750365,73,572.csv,0,0
0,0,1,1,19.48554217,26.973,5.633804293,9.783,-4.589,1.023348006,385.368183,165,573.csv,0,0
0,0,1,1,20.595595,28.537,3.807387123,12.739,-1.56,1.067415821,461.8403888,199,575.csv,0,0
0,0,1,1,19.7746875,28.707,5.048793135,13.788,-1.549,1.210769656,364.8807818,159,577.csv,0,0
0,0,1,1,27.71607692,45.118,8.626465119,15.725,-1.502,0.957665828,1232.628465,415,578.csv,0,0
0,0,1,1,16.99122703,27.364,5.088299398,9.741,-1.59,0.962390705,353.1624759,184,580.csv,0,0
0,0,1,1,30.29706326,47.145,7.142055802,12.702,-3.51,0.813095084,1322.48299,410,581.csv,0,0
0,0,1,1,17.00020455,28.008,6.253232613,9.248,-4.702,1.307597352,252.1734039,131,582.csv,0,0
0,0,1,1,17.78356,24.714,4.331503968,9.244,-1.453,0.875686651,351.818455,174,585.csv,0,0
0,0,1,1,5.020393688,11.492,2.56453021,3.083,-1.152,0.300603592,253.7844809,601,589.csv,0,0
0,0,1,1,27.63751079,44.002,6.933226211,18.497,-2.494,1.88964052,417.3326894,138,590.csv,0,0
0,0,1,1,19.71604397,32.004,6.400670383,9.247,-1.989,0.483725695,1284.243507,613,592.csv,0,0
0,0,1,1,27.36695588,36.503,6.165361342,16.586,-1.958,1.872667718,296.3555138,101,595.csv,0,0
0,0,1,1,29.45249495,47.31,8.806533666,15.342,-3.437,1.046496702,1252.277406,395,599.csv,0,0
0,0,1,1,26.52137446,30.874,3.748611417,15.343,-2.934,0.825347851,1335.750587,461,603.csv,0,0
0,0,1,1,10.6562,21.645,3.169780961,11.958,-5.135,2.673931322,41.4636578,39,608.csv,0,0
0,0,1,1,24.893445,31.518,3.111634353,28.305,-9.017,1.548963302,938.4889616,399,61.csv,0,0
0,0,1,1,28.92485372,44.195,8.324931782,15.654,-2.14,0.926787623,1251.778433,416,610.csv,0,0
0,0,1,1,16.2156898,36.522,8.360940248,13.722,-1.823,0.650506867,1094.826261,705,612.csv,0,0
0,0,1,1,28.03017689,35.934,5.246804769,12.651,-3.329,0.749062016,1164.362003,423,613.csv,0,0
0,0,1,1,16.46655253,21.024,2.15598019,17.891,-4.008,1.33192744,423.5935245,256,614.csv,0,0
0,0,1,1,26.97048649,36.614,6.121816913,16.524,-7.471,4.216461868,96.0880872,36,616.csv,0,0
0,0,1,1,19.37193916,29.615,5.763656914,15.342,-3.028,1.237358014,530.007025,262,618.csv,0,0
0,0,1,1,31.39319525,37.532,6.441577786,9.204,-2.145,0.641844332,1205.892511,378,621.csv,0,0
0,0,1,1,7.380209756,15.354,3.455155518,9.198,-3.633,0.95609611,130.7017504,204,622.csv,0,0
0,0,1,1,18.01061943,47.43,10.43643596,15.334,-3.189,0.854183935,1064.81186,627,623.csv,0,0
0,0,1,1,30.4070844,46.37,8.921122463,9.195,-2.277,0.645420946,1140.614285,390,624.csv,0,0
0,0,1,1,33.26829213,39.577,5.967307684,12.63,-1.997,0.870680261,1166.656022,355,626.csv,0,0
0,0,1,1,31.45264815,40.86,6.385539979,12.615,-3.319,0.81668225,1160.516495,377,632.csv,0,0
0,0,1,1,29.09259069,37.908,6.116671447,15.298,-4.124,0.890687452,1197.455223,407,633.csv,0,0
0,0,1,1,32.8705928,37.476,4.353454475,17.299,-3.121,1.037250539,1162.199805,360,638.csv,0,0
0,0,1,1,32.33470739,49.345,5.431851273,49.345,-15.07,2.810485974,1120.119938,351,642.csv,0,0
0,0,1,1,22.52420939,57.46,11.57143188,18.625,-1.459,1.066074125,1078.050132,510,645.csv,0,0
0,0,1,1,32.12999187,39.985,6.88115848,9.189,-1.953,0.644810463,1166.222561,368,646.csv,0,0
0,0,1,1,13.51073502,22.502,4.127036422,7.008,-4.238,0.624373777,532.6536278,433,65.csv,0,0
0,0,1,1,34.03381662,40.04,6.818356391,9.686,-2.116,0.684924652,1186.101753,348,650.csv,0,0
0,0,1,1,21.16648237,43.366,8.361894266,13.689,-1.918,0.781873599,1104.123046,538,652.csv,0,0
0,0,1,1,36.21437425,45.231,6.383573704,13.374,-4.113,1.239976266,1163.437828,333,658.csv,0,0
0,0,1,1,40.63011905,53.757,8.578105954,11.013,-2.657,0.910216553,1174.1266,293,661.csv,0,0
0,0,1,1,22.82695592,43.698,8.806134783,13.663,-1.148,0.927842795,959.2441146,430,662.csv,0,0
0,0,1,1,31.99163807,41.973,6.925875271,6.115,-2.206,0.615115839,1168.448502,372,663.csv,0,0
0,0,1,1,22.51375888,39.675,7.460003908,15.591,-1.473,0.902965391,886.9431232,393,665.csv,0,0
0,0,1,1,19.74419534,28.653,7.242811053,9.679,-2.743,0.650817605,822.7977911,342,670.csv,0,0
0,0,1,1,29.67480189,33.91,4.049662516,30.794,-11.759,2.330323245,809.8066763,264,671.csv,0,0
0,0,1,1,26.33565101,52.208,11.84516055,15.313,-1.284,1.236023551,800.606306,297,672.csv,0,0
0,0,1,1,20.798625,29.503,6.747200042,11.042,-4.801,0.918303692,606.6809422,295,673.csv,0,0
0,0,1,1,21.03433696,32.233,4.876794598,16.497,-4.092,1.196958041,571.6506107,275,674.csv,0,0
0,0,1,1,24.36606667,49.345,13.4465039,24.709,-5.842,1.729664384,630.7349591,254,676.csv,0,0
0,0,1,1,19.75223246,27.693,4.119293215,12.26,-1.569,0.933691659,451.0748105,227,677.csv,0,0
0,0,1,1,20.96470652,25.825,4.547124295,6.86,-1.326,0.636753326,385.5546844,183,678.csv,0,0
0,0,1,1,19.86580925,28.686,4.973118478,12.272,-1.031,1.059814845,338.6253982,172,679.csv,0,0
0,0,1,1,31.39055128,44.069,8.089706186,21.699,-3.104,1.967881482,477.3124397,155,680.csv,0,0
0,0,1,1,20.88960959,27.083,5.417858124,6.137,-0.691,0.697912428,304.6034135,145,681.csv,0,0
0,0,1,1,31.17278378,46.461,7.667200234,18.147,-6.357,2.33347048,446.833871,147,682.csv,0,0
0,0,1,1,22.07411034,34.95,7.913109449,12.651,-1.481,1.35687708,400.1907808,144,683.csv,0,0
0,0,1,1,30.06035,41.664,6.863161876,12.65,-1.189,1.45590636,400.9635342,139,684.csv,0,0
0,0,1,1,23.2059661,32.762,3.463941969,16.51,-5.924,2.450633762,293.3410507,117,685.csv,0,0
0,0,1,1,27.45121311,37.053,6.683979598,15.332,-1.717,1.571923111,329.7121222,121,686.csv,0,0
0,0,1,1,24.49491667,46.019,5.47998022,26.638,-12.518,4.014023742,226.8444997,95,688.csv,0,0
0,0,1,1,14.91552459,20.215,2.895967759,8.056,-9.088,1.083576617,408.8766361,243,69.csv,0,0
0,0,1,1,26.59925275,34.785,6.503841999,17.335,-1.297,1.956305994,236.1919368,90,690.csv,0,0
0,0,1,1,11.31304737,19.037,4.088957179,9.372,-5.039,0.708306093,543.6745689,474,73.csv,0,0
0,0,1,1,29.63927445,34.98,3.424661286,24.991,-8.897,1.621592293,895.1658984,316,74.csv,0,0
0,0,1,1,16.31786337,26.245,4.809385488,12.561,-7.68,1.136197608,481.2732775,343,75.csv,0,0
0,0,1,1,33.75005,38.885,4.19271976,28.118,-3.038,2.113096489,639.7755391,189,80.csv,0,0
0,0,1,1,36.17061446,48.355,4.192149362,46.962,-27.672,5.093096191,571.4866378,165,81.csv,0,0
0,0,1,1,19.07682883,22.981,2.562175354,12.88,-5.168,1.652415164,272.6559596,110,91.csv,0,0
0,0,1,1,40.99532836,49.236,5.730783989,34.504,-8.042,4.924810202,259.0821361,66,93.csv,0,0
