class,class_id,start_frame,end_frame,duration_frames,duration_sec,displacement,pos_variance,mean_vel,max_vel,pre_vel,post_vel,mean_x,mean_y,vehicle_file
motor,3,4076,4100,25,1.041666667,5,1.26364552,1.30504,2.493,2.744,3.5344,1069.76,1547.84,268.csv
motor,3,4991,5015,25,1.041666667,1.414213562,1.193314711,1.5654,2.469,2.8938,3.21,1025.32,1573.56,343.csv
motor,3,4945,4969,25,1.041666667,3.16227766,1.738044879,1.746,2.456,3.0094,2.1684,1020.56,1571.84,343.csv
motor,3,301,325,25,1.041666667,2.828427125,1.472956211,1.32072,2.442,2.8428,2.786,1305.52,770.8,59.csv
motor,3,5186,5210,25,1.041666667,1.414213562,1.897366596,1.58644,2.439,2.8868,4.77,1028.6,1572,343.csv
motor,3,1477,1501,25,1.041666667,7,1.607980099,1.12368,2.414,3.2492,3.9552,400,537.12,195.csv
motor,3,4799,4823,25,1.041666667,1,1.080740487,1.5944,2.412,2.571,3.045,893.44,1597.72,313.csv
motor,3,4562,4586,25,1.041666667,4.123105626,2.019900988,1.40392,2.397,3.5168,2.997,2205.48,1271.64,364.csv
car,2,5535,5559,25,1.041666667,9,2.6387876,1.65708,2.334,2.3652,2.5786,2396.12,1307.68,423.csv
car,2,4753,4778,26,1.083333333,23.19482701,6.852201305,2.029576923,2.481,2.6936,2.5854,2521.846154,1286.153846,423.csv
motor,3,600,625,26,1.083333333,4.472135955,1.786703023,1.888538462,2.464,2.9236,2.6194,3133.807692,1194.038462,99.csv
motor,3,105,130,26,1.083333333,6.08276253,1.725633406,1.521461538,2.44,1.9076,3.3528,2720.538462,1461.961538,68.csv
motor,3,442,467,26,1.083333333,1,1.504431324,1.960192308,2.422,2.8154,2.501,2927.5,1202.423077,76.csv
motor,3,6157,6183,27,1.125,12.04159458,4.781652176,1.258333333,2.482,2.7724,3.6268,437.2222222,199.5555556,392.csv
motor,3,7629,7655,27,1.125,13.89244399,4.083154863,1.846925926,2.478,2.7802,2.3892,1680.592593,815.2962963,588.csv
motor,3,6364,6390,27,1.125,1,2.030629654,1.695740741,2.207,2.444,3.6216,431.5555556,196.1111111,392.csv
motor,3,476,503,28,1.166666667,1,1.281242222,1.990428571,2.453,2.341,2.4548,1770.178571,812.9285714,58.csv
motor,3,2192,2219,28,1.166666667,7.280109889,3.261361616,1.787392857,2.442,2.189,2.6222,541.6785714,1561.285714,199.csv
motor,3,6101,6128,28,1.166666667,10.04987562,2.276768207,1.28375,2.44,2.8812,3.6166,326.2142857,139.3571429,547.csv
motor,3,929,956,28,1.166666667,4.123105626,1.972709211,1.823571429,2.409,2.6026,2.7556,400.5714286,537.1785714,195.csv
motor,3,671,698,28,1.166666667,3.605551275,1.111167799,1.604607143,2.407,2.696,3.3248,3032.214286,1299.928571,125.csv
motor,3,5537,5565,29,1.208333333,11,3.507084727,2.148689655,2.457,2.2426,3.1102,2472.137931,1244.517241,455.csv
motor,3,5828,5856,29,1.208333333,12.52996409,3.642463266,1.392827586,2.432,2.6996,3.1492,307.2758621,93.03448276,547.csv
motor,3,2502,2530,29,1.208333333,9.433981132,2.466903396,0.963758621,2.416,2.9652,3.3054,1778.517241,397.5172414,194.csv
motor,3,4624,4652,29,1.208333333,6.708203932,2.56890766,0.957103448,2.408,2.6766,2.6808,1308.655172,1563.37931,376.csv
motor,3,3369,3397,29,1.208333333,2.828427125,1.268853068,1.474344828,2.376,2.883,2.4406,911.5172414,1286.862069,266.csv
motor,3,4794,4822,29,1.208333333,3,1.758958723,1.712793103,2.284,3.0886,3.408,1024.206897,1573.965517,343.csv
motor,3,5471,5500,30,1.25,1,1.366666667,1.957633333,2.485,2.8494,2.6202,436.5666667,198.6666667,392.csv
motor,3,981,1010,30,1.25,5,1.846919357,1.827933333,2.459,2.3668,3.8464,401.4333333,537.3666667,195.csv
motor,3,5145,5174,30,1.25,10.81665383,3.268366904,1.204666667,2.43,3.3944,3.4338,2578.5,1281.966667,455.csv
motor,3,4270,4299,30,1.25,13.60147051,3.821576173,0.5768,2.348,3.4632,2.7364,2050.666667,1330.866667,365.csv
motor,3,189,218,30,1.25,6.08276253,3.225075365,0.950166667,2.3,2.1228,2.3078,3133.833333,1194.066667,99.csv
motor,3,4555,4585,31,1.291666667,36.12478374,12.26756847,1.196536065,2.472841202,2.728652361,12.8318,1317.580645,1555.483871,376.csv
car,2,3465,3495,31,1.291666667,8.062257748,2.302331081,1.331612903,2.469,3.0568,2.5598,1243.612903,1497.032258,282.csv
motor,3,3400,3431,32,1.333333333,1,1.158359562,2.0628125,2.497,2.1498,3.2054,914.59375,1287.65625,266.csv
motor,3,3983,4014,32,1.333333333,2,1.078011769,1.38065625,2.471,2.5894,2.9144,967.34375,1525.53125,248.csv
motor,3,117,148,32,1.333333333,1.414213562,0.924915537,1.13575,2.281,1.563,3.4208,1017.375,1452.0625,114.csv
motor,3,5073,5104,32,1.333333333,3.16227766,1.695006453,1.1766875,2.241,3.096,2.4956,1029.96875,1571.96875,343.csv
motor,3,4984,5016,33,1.375,1,1.516363152,1.512636364,2.437,2.9184,2.981,2218.848485,1275.363636,364.csv
motor,3,4378,4410,33,1.375,2.828427125,2.497013827,1.727090909,2.421,3.0608,3.2154,913.2121212,1591.848485,313.csv
motor,3,473,506,34,1.416666667,4.472135955,2.495151007,1.709235294,2.484,2.9052,2.5432,399.7647059,533.2058824,195.csv
motor,3,3093,3126,34,1.416666667,3.16227766,1.929106863,1.965970588,2.478,3.1486,2.79,1049.970588,1497.205882,260.csv
van,8,336,369,34,1.416666667,12.04159458,3.66563108,1.825117647,2.397,2.1134,2.4164,1332.411765,1451.735294,41.csv
motor,3,6407,6440,34,1.416666667,5.385164807,1.792187969,1.904676471,2.366,2.5212,2.581666667,472.6470588,483.6764706,514.csv
motor,3,5310,5343,34,1.416666667,2,1.561318758,1.658029412,2.338,2.9696,2.5458,1790.558824,398.5,194.csv
motor,3,5677,5710,34,1.416666667,4.123105626,1.377023519,1.449235294,2.315,2.8004,2.7666,304.1764706,79.11764706,547.csv
motor,3,6044,6077,34,1.416666667,5.830951895,2.090719318,0.815794118,2.22,2.9474,4.6914,322.0588235,136.0882353,547.csv
car,2,214,248,35,1.458333333,5.099019514,2.126988865,1.712485714,2.485,3.0012,2.6726,1179.8,1523.514286,5.csv
van,8,500,534,35,1.458333333,17.11724277,5.493298329,1.928514286,2.471,2.5888,1.181,2356.142857,1275.657143,83.csv
motor,3,2433,2467,35,1.458333333,7.071067812,1.983606281,1.434514286,2.335,2.7054,2.742,1767.114286,391.2285714,194.csv
motor,3,69,103,35,1.458333333,2,0.906214373,1.190628571,2.256,0,2.2102,2719.8,1462.285714,68.csv
motor,3,4845,4880,36,1.5,2.236067977,1.371558544,1.722638889,2.493,3.2562,3.064,1021.027778,1573.916667,343.csv
car,2,431,466,36,1.5,16.03121954,4.366680803,1.901472222,2.44,2.4006,2.4798,1415.944444,1370.611111,42.csv
motor,3,5247,5282,36,1.5,3.16227766,1.412029447,1.631194444,2.436,3.5844,2.9792,1065.611111,1540.277778,268.csv
motor,3,2206,2241,36,1.5,4.472135955,1.590869007,1.393583333,2.424,2.329,3.3718,1144.722222,818.9444444,188.csv
motor,3,537,572,36,1.5,8.94427191,2.656084327,1.034944444,2.42,3.1812,3.4046,1771.25,813.7222222,58.csv
motor,3,4961,4997,37,1.541666667,2.236067977,1.708484392,1.554567568,2.498,2.8318,2.9294,1193.621622,795.2702703,84.csv
motor,3,7614,7650,37,1.541666667,3,1.662546649,1.058243243,2.479,2.532,2.6564,774.8918919,1393.621622,574.csv
motor,3,6273,6309,37,1.541666667,6.708203932,3.250667179,1.849567568,2.466,2.9688,2.9052,485,488.027027,514.csv
van,8,536,572,37,1.541666667,17.02938637,4.968270397,1.211540541,2.432,1.463,2.5762,2340.216216,1275.162162,83.csv
motor,3,3564,3600,37,1.541666667,7.615773106,2.771028242,1.053486486,2.424,3.3296,3.1614,1064.756757,1535.27027,268.csv
motor,3,307,343,37,1.541666667,3.16227766,2.251855821,1.568108108,2.353,3.0962,2.429,796.2972973,1593.054054,64.csv
car,2,1,37,37,1.541666667,3.605551275,1.067482036,0.972405405,2.267,0,2.4276,1241.405405,1528.513514,5.csv
motor,3,375,411,37,1.541666667,5.656854249,1.890733236,0.816486486,2.226,2.7858,3.4144,1279.108108,1519.378378,53.csv
motor,3,5635,5672,38,1.583333333,3.605551275,1.827195299,1.863552632,2.489,2.2344,2.6072,444.1578947,539.7105263,429.csv
motor,3,6490,6527,38,1.583333333,4,1.083111349,1.028526316,2.319,2.5638,2.686,1789.815789,396.7631579,194.csv
car,2,8051,8088,38,1.583333333,3.16227766,1.717596723,1.719210526,2.3,2.6012,3.2668,930.5789474,1422.631579,584.csv
motor,3,3187,3225,39,1.625,2.236067977,1.654591365,1.582384615,2.481,2.7806,3.0738,1053,1499.923077,260.csv
motor,3,5729,5767,39,1.625,2.828427125,1.291249058,1.778974359,2.472,3.0862,2.27,420.1282051,175.3333333,392.csv
car,2,4901,4939,39,1.625,17.4642492,4.60954046,1.196051282,2.461,3.215,4.506,2093.384615,1586.74359,424.csv
motor,3,4748,4786,39,1.625,1,2.110678526,1.458641026,2.438,2.7166,2.5578,1182.153846,798.6666667,84.csv
car,2,3530,3568,39,1.625,0,1.62127538,1.74325641,2.437,2.4914,2.8856,1252.769231,1497.564103,282.csv
motor,3,5071,5109,39,1.625,2.236067977,2.427380522,1.190333333,2.427,3.2516,2.8452,924.7435897,1292.794872,266.csv
motor,3,5929,5967,39,1.625,8.246211251,2.690719923,1.23525641,2.379,2.4068,2.7536,1651.230769,677.4102564,166.csv
motor,3,106,144,39,1.625,2.236067977,1.074478299,1.275538462,2.35,1.6132,2.9194,1567.25641,1267.102564,96.csv
motor,3,4193,4231,39,1.625,1.414213562,0.98576322,1.499641026,2.319,2.9918,3.0602,915.5641026,1587.692308,313.csv
motor,3,4103,4142,40,1.666666667,9,1.817622073,0.777925,2.49,3.24,4.0494,1177.375,787.675,84.csv
motor,3,5229,5268,40,1.666666667,5.099019514,1.95128163,1.40645,2.465,3.3284,2.4462,2580.45,1306.2,455.csv
car,2,5230,5269,40,1.666666667,5.099019514,1.898683755,1.302775,2.426,2.8372,2.8502,1259.85,1504.65,282.csv
car,2,3618,3657,40,1.666666667,3.16227766,1.692446454,1.27535,2.345,2.974,2.7774,1248.775,1497.9,282.csv
motor,3,3371,3410,40,1.666666667,6.32455532,2.051066796,1.8613,2.345,2.6164,2.5232,966.675,1527.75,248.csv
motor,3,575,615,41,1.708333333,4,1.543345563,1.331268293,2.462,2.2012,2.4872,3031.609756,1299.04878,125.csv
motor,3,5309,5349,41,1.708333333,23.02172887,3.593900577,1.222790698,2.445581395,2.644716279,3.5874,1173.609756,787.1707317,84.csv
motor,3,4633,4674,42,1.75,0,1.06399538,1.647,2.496,2.394,2.1264,423.4761905,194.7857143,392.csv
motor,3,4476,4517,42,1.75,8.062257748,2.743886216,1.881357143,2.47,2.7446,3.0178,999.7857143,1570.857143,343.csv
motor,3,268,309,42,1.75,3.16227766,1.046807045,0.906095238,2.456,1.036,2.685,949.2380952,1616.452381,104.csv
motor,3,4257,4298,42,1.75,4.242640687,4.377133429,1.597190476,2.444,2.9634,2.6586,915.2857143,1588.595238,313.csv
motor,3,5180,5221,42,1.75,3,1.428968199,1.276238095,2.404,2.6648,2.4224,2219.928571,1275.309524,364.csv
car,2,1,42,42,1.75,4.123105626,1.251076634,0.939642857,2.394,0,2.4748,1927.761905,1320.404762,11.csv
motor,3,72,114,43,1.791666667,5.099019514,1.332702212,1.446325581,2.49,3.3624,4.7434,1018.581395,1451.953488,89.csv
motor,3,7301,7343,43,1.791666667,5,2.443963657,1.727209302,2.461,2.977,2.6752,778.7674419,1395.860465,574.csv
motor,3,4320,4362,43,1.791666667,12.20655562,4.029904441,1.321232558,2.421,3.4074,2.6258,2217.372093,1276.395349,364.csv
motor,3,5860,5903,44,1.833333333,5.385164807,2.83380931,1.486931818,2.495,2.4458,2.6046,1647.454545,670.3863636,166.csv
motor,3,1287,1330,44,1.833333333,4.472135955,1.26866234,1.873886364,2.476,2.518,2.634,400.9090909,537.1363636,195.csv
car,2,515,558,44,1.833333333,19,5.6540686,1.715318182,2.47,2.9432,3.168,2645.272727,1259.659091,12.csv
motor,3,6853,6896,44,1.833333333,5.099019514,2.082864961,1.080159091,2.462,2.8614,2.4386,1788.159091,403.5,194.csv
motor,3,3009,3052,44,1.833333333,6.08276253,2.977706422,1.16775,2.438,3.607,2.4966,1048.159091,1498.75,260.csv
motor,3,4787,4830,44,1.833333333,3,1.707421816,1.943272727,2.394,2.411,2.8966,2063.590909,1325.909091,365.csv
motor,3,5894,5937,44,1.833333333,13.15294644,4.937365962,1.759886364,2.381,3.0286,2.8752,2055.272727,784.8409091,453.csv
motor,3,4593,4636,44,1.833333333,2.236067977,1.175463686,1.60425,2.379,2.4098,3.0022,1011.090909,1571.704545,343.csv
motor,3,4965,5008,44,1.833333333,4.472135955,2.082368923,1.263772727,2.259,2.646,3.4406,924.4545455,1298.159091,266.csv
motor,3,4131,4175,45,1.875,3.605551275,0.96864421,1.087,2.45,2.406,2.989,1064.755556,1534.155556,268.csv
motor,3,5235,5279,45,1.875,6.08276253,3.343244525,1.715955556,2.414,2.3382,3.2026,1784.333333,1432.422222,332.csv
car,2,4475,4520,46,1.916666667,5.099019514,1.412541717,1.140630435,2.448,2.966,2.6256,2127.021739,1387.065217,382.csv
motor,3,456,501,46,1.916666667,4.123105626,1.615291999,1.133543478,2.447,2.8754,3.1716,3129.369565,1200.565217,99.csv
motor,3,128,173,46,1.916666667,13,3.751496236,1.145869565,2.442,2.3478,3.0258,1044.521739,1515.956522,72.csv
motor,3,5608,5653,46,1.916666667,5.099019514,1.990763169,1.26776087,2.425,2.539,2.2424,306.2391304,81.15217391,547.csv
motor,3,8035,8081,47,1.958333333,3.605551275,2.160386599,1.402425532,2.473,2.1384,2.489,1768.659574,403.9361702,194.csv
motor,3,4903,4949,47,1.958333333,25.61249695,5.297402355,1.209346795,2.471273885,2.636025478,1.539,415.7446809,191,392.csv
motor,3,8831,8877,47,1.958333333,0,1.715637872,1.403574468,2.401,2.877,3.0822,389.893617,510.787234,644.csv
motor,3,4533,4580,48,2,1.414213562,1.303707321,1.473354167,2.254,2.6792,3.7472,914.7083333,1596.916667,313.csv
motor,3,7871,7919,49,2.041666667,2,2.186246815,0.713,2.487,3.2078,2.5364,1652.469388,519.4285714,588.csv
motor,3,6291,6339,49,2.041666667,5.830951895,2.721564584,1.80022449,2.477,2.7884,2.987,323.0204082,136.2040816,547.csv
motor,3,5185,5233,49,2.041666667,6.708203932,1.962369858,1.488061224,2.459,3.144,2.2332,459.7142857,538.8367347,429.csv
car,2,7953,8001,49,2.041666667,8.246211251,2.629883055,1.150918367,2.44,2.5472,2.6414,925.8367347,1421.530612,584.csv
motor,3,4676,4724,49,2.041666667,3.16227766,1.423899065,1.270061224,2.314,2.305,3.0052,423.2244898,193.9387755,392.csv
motor,3,4707,4756,50,2.083333333,4.123105626,1.949358869,1.82182,2.476,2.3316,2.3916,892.6,1601.2,313.csv
motor,3,2978,3027,50,2.083333333,3,1.193649865,1.75116,2.438,1.9004,3.405,1616.26,639.74,166.csv
motor,3,3442,3491,50,2.083333333,2.236067977,1.293831519,1.22272,2.392,2.9698,2.4202,963.76,1527.22,248.csv
car,2,7413,7463,51,2.125,25.01999201,7.245834291,1.761039216,2.468,2.6066,2.8264,824.0196078,2053.45098,589.csv
motor,3,8264,8314,51,2.125,4,2.050121666,0.967058824,2.462,3.4096,0,1213.529412,1279.647059,605.csv
motor,3,3965,4015,51,2.125,4.472135955,2.655686738,1.512941176,2.445,2.7462,2.72,1060.686275,1492.470588,260.csv
motor,3,4463,4513,51,2.125,5.099019514,1.371428114,1.14054902,2.432,2.9532,2.9074,422.5098039,203.2352941,392.csv
motor,3,5125,5175,51,2.125,1.414213562,1.763180168,1.380098039,2.431,3.1296,2.6594,2219.45098,1275.960784,364.csv
car,2,4803,4853,51,2.125,5,3.274685918,1.157745098,2.383,2.9166,2.9602,1251.980392,1505.039216,282.csv
motor,3,441,491,51,2.125,1,1.615476857,0.884039216,2.2,3.0392,2.7648,508.0980392,462.7058824,133.csv
motor,3,471,522,52,2.166666667,2.236067977,1.282275621,1.101730769,2.498,2.419,2.7766,2927.134615,1201.326923,76.csv
motor,3,3493,3544,52,2.166666667,2,1.23915413,1.6485,2.498,2.1654,2.623,1118.653846,1324.807692,274.csv
motor,3,461,512,52,2.166666667,8,3.365219776,1.526326923,2.463,2.4888,3.1492,3028.942308,1301.365385,125.csv
motor,3,5125,5176,52,2.166666667,5.099019514,2.128195474,0.957615385,2.434,2.936,3.7166,926.25,1292.653846,266.csv
motor,3,7937,7989,53,2.208333333,1,2.022303548,1.386245283,2.403,2.486,2.7278,1650.528302,510.6792453,588.csv
motor,3,5180,5233,54,2.25,6,1.97871042,1.3955,2.498,2.6742,2.2296,1783.111111,1431.12963,332.csv
motor,3,5245,5299,55,2.291666667,1,1.660827236,1.598745455,2.495,2.1316,2.7214,1201.381818,786.3636364,84.csv
motor,3,3513,3567,55,2.291666667,3.605551275,2.16981547,1.395272727,2.462,2.414,2.8368,1059.054545,1490.872727,260.csv
car,2,5571,5625,55,2.291666667,23.19482701,7.030135839,1.4808,2.403,2.7738,1.1632,2742.927273,1412.090909,504.csv
motor,3,6135,6189,55,2.291666667,4.472135955,1.903802198,0.917327273,2.307,2.5462,2.7034,1968.290909,655,453.csv
motor,3,8829,8884,56,2.333333333,5.656854249,1.609026674,1.153857143,2.436,2.5504,2.6552,774.875,1407.142857,574.csv
motor,3,4307,4362,56,2.333333333,2.236067977,5.030614185,1.299125,2.429,2.859,4.9018,911.6785714,1590.017857,313.csv
motor,3,5226,5281,56,2.333333333,2,1.270746205,1.332767857,2.428,2.411,3.016,2222.321429,1276.321429,364.csv
motor,3,3897,3952,56,2.333333333,3.16227766,1.141461201,1.314142857,2.417,2.3316,2.882,1059.767857,1489.267857,260.csv
motor,3,7683,7738,56,2.333333333,3.16227766,1.130372658,1.045607143,2.356,2.7596,3.2294,767.6964286,1389.428571,574.csv
motor,3,3010,3066,57,2.375,15,3.703375383,1.253578947,2.493,2.3522,2.557,952.8245614,1276.280702,266.csv
motor,3,156,212,57,2.375,2.236067977,0.976170368,1.368263158,2.489,2.658,3.0074,1570.263158,1267.368421,96.csv
motor,3,332,388,57,2.375,5.830951895,2.196838715,0.871701754,2.487,2.8068,2.713,1306.526316,773.8596491,59.csv
motor,3,5053,5109,57,2.375,6,2.529724795,1.496807018,2.467,2.9566,2.9428,2221.245614,1279.526316,364.csv
motor,3,7547,7603,57,2.375,6.708203932,2.532764674,1.21777193,2.449,2.6054,2.9634,772.877193,1388.719298,574.csv
motor,3,2679,2736,58,2.416666667,8.062257748,2.348627752,0.700448276,2.453,3.9042,2.9206,970.4482759,1386.724138,240.csv
motor,3,173,230,58,2.416666667,2,1.566690279,1.331017241,2.438,3.065,2.1542,1017.224138,1549.172414,142.csv
motor,3,4548,4606,59,2.458333333,3.16227766,1.495564639,1.365322034,2.462,2.9342,2.6718,1561.067797,1284.40678,337.csv
motor,3,6251,6309,59,2.458333333,2.828427125,1.314625046,1.177644068,2.373,3.2942,3.7824,433.5084746,201.6610169,392.csv
motor,3,4555,4613,59,2.458333333,5,1.679762777,0.892661017,2.274,3.2002,2.7976,423.440678,194.0338983,392.csv
motor,3,8953,9012,60,2.5,1,1.298289473,1.599183333,2.467,2.8818,2.394,792.1,1541.266667,643.csv
motor,3,8894,8953,60,2.5,11.18033989,3.640436482,1.7093,2.466,2.974,2.4786,381.1833333,504.7833333,644.csv
car,2,8622,8681,60,2.5,6.708203932,1.923393991,0.83095,2.409,2.907,3.1776,1157.183333,1431.183333,600.csv
motor,3,4645,4705,61,2.541666667,1.414213562,1.306753796,1.488704918,2.451,2.5106,2.2738,892.8196721,1602.459016,313.csv
motor,3,6079,6139,61,2.541666667,11.40175425,2.714488781,0.655622951,2.437,3.358,5.3296,433.4262295,202.6065574,392.csv
motor,3,6198,6259,62,2.583333333,4.123105626,2.878433569,0.964306452,2.495,1.8006,2.994,451.9516129,550.2258065,429.csv
motor,3,4022,4083,62,2.583333333,3,1.800176312,1.358080645,2.473,2.9736,2.662,964.6774194,1524.241935,248.csv
car,2,6736,6797,62,2.583333333,9,3.390090843,1.310274194,2.358,3.0156,2.6742,865.3064516,1320.758065,545.csv
motor,3,4902,4963,62,2.583333333,2.236067977,0.992427101,1.005,2.351,3.2066,4.6984,902.0806452,1605.370968,313.csv
car,2,322,384,63,2.625,22.20360331,6.264956908,1.733253968,2.49,2.5474,2.7574,1164.15873,1524.793651,5.csv
car,2,4099,4161,63,2.625,22.09072203,6.04588985,1.522079365,2.481,2.392,2.6652,1981.634921,1391.888889,338.csv
motor,3,2561,2623,63,2.625,3.16227766,2.80687706,1.324936508,2.459,3.0954,2.893,1760.507937,389.9206349,194.csv
motor,3,4671,4733,63,2.625,1.414213562,0.841718958,1.489936508,2.36,2.6882,3.7328,1181.269841,787.1111111,84.csv
motor,3,8959,9021,63,2.625,4.472135955,1.225413274,1.067047619,2.357,2.4786,0,374.0634921,501.952381,644.csv
van,8,494,557,64,2.666666667,25.01999201,6.144341274,1.57159375,2.423,2.2558,2.9726,2042.65625,1484.4375,7.csv
car,2,5627,5690,64,2.666666667,14.56021978,3.616200257,0.91484375,2.103,1.2524,2.9748,2727.484375,1412.71875,504.csv
motor,3,3306,3370,65,2.708333333,5.656854249,2.581133185,0.612907692,2.442,3.3082,3.1644,1069.907692,1535.6,268.csv
motor,3,1688,1752,65,2.708333333,12.08304597,2.684956998,1.592538462,2.439,3.1456,3.2828,489.6307692,477.0923077,133.csv
motor,3,3960,4024,65,2.708333333,11.40175425,2.931728089,0.899307692,2.412,3.2274,2.6284,1579.076923,1278.446154,337.csv
motor,3,6282,6346,65,2.708333333,4.242640687,1.899859852,1.509015385,2.314,3.0122,2.7006,448.4461538,545.7384615,429.csv
motor,3,5691,5756,66,2.75,4.472135955,2.226705762,1.387212121,2.469,2.9374,3.467,474.7424242,456.9242424,514.csv
car,2,5326,5391,66,2.75,24.08318916,6.488493736,1.624954545,2.429,2.5072,2.3832,2626.954545,1495.863636,463.csv
car,2,8956,9021,66,2.75,2,1.286005768,1.283060606,2.381,2.7314,0,918.2121212,1423.242424,584.csv
motor,3,1980,2045,66,2.75,3.16227766,1.291883257,1.095893939,2.355,2.5764,2.2098,1590.742424,652.3787879,166.csv
motor,3,8662,8728,67,2.791666667,6.08276253,2.814293783,1.686940299,2.493,3.0108,2.8886,1768.865672,408.0447761,194.csv
car,2,624,690,67,2.791666667,16.1245155,3.38664577,1.107820896,2.467,3.0198,3.2092,2536.119403,1260.641791,12.csv
motor,3,7349,7415,67,2.791666667,3.605551275,1.0849422,0.927850746,2.443,2.622,3.2792,814.6567164,1461.059701,564.csv
motor,3,5343,5410,68,2.833333333,5,1.331917862,1.071735294,2.493,2.911,3.0494,2221.75,1276.823529,364.csv
car,2,5443,5510,68,2.833333333,22.02271555,5.617704804,1.052397059,2.466,2.5308,2.9004,2581.205882,1496.544118,463.csv
motor,3,707,775,69,2.875,4.472135955,1.707440751,1.438130435,2.462,2.2112,2.2324,454.826087,449.1594203,123.csv
motor,3,5149,5217,69,2.875,2,1.213589647,1.073956522,2.448,2.7476,4.5026,1060.144928,1540.115942,268.csv
car,2,5215,5283,69,2.875,33.01514804,8.802412264,1.786971014,2.443,2.5544,2.6696,2683.115942,1493.478261,463.csv
truck,7,319,388,70,2.916666667,2,1.042857143,0.850985714,2.38,3.022,2.2646,1672.585714,1281.571429,43.csv
motor,3,285,355,71,2.958333333,3.605551275,2.237176643,1.335830986,2.496,2.325,2.6546,1017.352113,1514.591549,72.csv
motor,3,5910,5980,71,2.958333333,5.099019514,1.678244518,1.053802817,2.466,3.1156,3.1654,427.1971831,181.6197183,392.csv
motor,3,5235,5305,71,2.958333333,6.08276253,1.85006313,1.348549296,2.305,2.2352,2.943,460.7887324,540.3098592,429.csv
motor,3,5377,5448,72,3,2.236067977,1.753083703,1.660013889,2.287,2.6012,2.9018,437.8333333,198.1944444,392.csv
motor,3,2104,2176,73,3.041666667,5.385164807,0.91831922,1.230921996,2.496036269,2.601502591,2.8966,1149.821918,817.0410959,188.csv
motor,3,518,591,74,3.083333333,1,1.753062644,1.281027027,2.493,2.7336,2.9898,3132.702703,1199.202703,99.csv
motor,3,380,453,74,3.083333333,9.055385138,2.523519751,1.549797297,2.449,2.5422,2.6244,396.4054054,528.6216216,195.csv
motor,3,6734,6807,74,3.083333333,4.472135955,1.828124171,0.977959459,2.435,2.6952,2.1922,1788.121622,402.3783784,194.csv
van,8,391,464,74,3.083333333,9.055385138,3.012058793,0.999256757,2.405,1.4726,3.027,1864.878378,1482.297297,78.csv
motor,3,4350,4423,74,3.083333333,6.08276253,2.690852399,1.462837838,2.385,3.2276,2.7456,422.1216216,204.8783784,392.csv
motor,3,5841,5915,75,3.125,3,1.925732184,1.544626667,2.468,2.7434,2.502,471.2266667,482.3466667,514.csv
motor,3,538,612,75,3.125,30.2654919,8.749471095,1.716146667,2.429,2.4562,2.67,2431.826667,1326.493333,28.csv
motor,3,4575,4649,75,3.125,3,1.232594373,1.23048,2.415,2.6352,4.0792,971.9333333,1532.36,248.csv
motor,3,7352,7427,76,3.166666667,2,1.341524642,0.932960526,2.466,2.7348,4.276,776.4078947,1389.315789,574.csv
motor,3,542,617,76,3.166666667,4,2.336295277,1.649868421,2.464,2.8238,2.6146,402.6973684,533.5526316,195.csv
motor,3,4775,4850,76,3.166666667,2,2.048917017,1.099776316,2.308,2.613,3.7846,923.9210526,1288.921053,266.csv
motor,3,5433,5509,77,3.208333333,2,1.150505693,1.113571429,2.497,2.3548,2.7074,2217.155844,1275.051948,364.csv
motor,3,3077,3153,77,3.208333333,5.830951895,2.748218884,1.698311688,2.491,2.5088,2.743,964.961039,1278.064935,266.csv
motor,3,5510,5586,77,3.208333333,4.123105626,3.231444428,1.827428571,2.49,2.6334,1.3856,437.8961039,198.3246753,392.csv
motor,3,1559,1635,77,3.208333333,7.071067812,2.255855745,1.289051948,2.455,2.6292,2.4424,493.4675325,457.0649351,133.csv
motor,3,196,272,77,3.208333333,8.544003745,2.582359033,1.18338961,2.416,2.748,2.6526,1024.61039,1514.532468,72.csv
car,2,506,583,78,3.25,36.40054945,9.976838727,1.782884615,2.449,2.5076,2.8096,2763.948718,1516.807692,56.csv
motor,3,6147,6224,78,3.25,4.472135955,2.933405056,1.546679487,2.356,2.4472,2.2828,491,482.4358974,514.csv
motor,3,5312,5389,78,3.25,4.242640687,1.64971657,1.148615385,2.353,2.8376,2.7982,450.1666667,539.1410256,429.csv
motor,3,1,79,79,3.291666667,3,1.901095578,1.032303797,2.386,0,2.3718,2539.177215,1337,28.csv
motor,3,772,851,80,3.333333333,5,1.65812394,1.0511375,2.485,2.9016,2.477,511.725,461,133.csv
motor,3,8321,8400,80,3.333333333,5.099019514,1.87541662,1.3309,2.482,2.9226,2.3222,1768.3625,409.0375,194.csv
motor,3,513,592,80,3.333333333,2,1.45296034,1.6582375,2.452,2.6452,2.6032,388.9375,608.15,97.csv
motor,3,4776,4855,80,3.333333333,1,1.039080122,1.1565125,2.448,2.8938,2.8642,1048.6375,1540.6625,268.csv
car,2,7991,8070,80,3.333333333,3.605551275,1.635686018,0.7434,2.391,2.753,3.7084,1156.3625,1427.175,600.csv
motor,3,7453,7532,80,3.333333333,2.236067977,1.346291202,0.9022625,2.378,3.102,3.4118,774.1,1394.55,574.csv
motor,3,427,506,80,3.333333333,8.602325267,3.093339619,1.5734125,2.35,2.9996,2.624,384.825,608.975,97.csv
motor,3,300,380,81,3.375,3.16227766,1.824238571,1.457493827,2.442,2.2494,2.4888,1068.888889,1290.407407,29.csv
motor,3,4696,4776,81,3.375,4.472135955,1.077403666,0.966839506,2.435,2.6236,2.4902,972.382716,1532.296296,248.csv
car,2,44,124,81,3.375,7.071067812,1.641186109,1.01645679,2.427,2.427,2.352,1239.888889,1529.530864,5.csv
motor,3,3205,3285,81,3.375,5.385164807,1.956624599,1.173049383,2.413,2.6372,2.6948,970.2345679,1529.592593,248.csv
motor,3,4330,4410,81,3.375,2.236067977,1.148214521,1.009061728,2.309,2.9564,3.2066,2050.802469,1325.024691,365.csv
motor,3,5769,5850,82,3.416666667,7.615773106,2.285276048,1.514134146,2.466,2.2206,2.4142,425.4390244,179.2195122,392.csv
motor,3,325,406,82,3.416666667,3.605551275,2.057798099,1.155317073,2.444,0.90204,2.8,2926.109756,1199.902439,76.csv
car,2,1,82,82,3.416666667,14.03566885,3.508042939,0.864304878,2.4,0,2.7638,1480.073171,1366.926829,42.csv
car,2,3768,3850,83,3.458333333,5,1.775954291,1.099650602,2.482,2.8482,3.008,1236.987952,1497.879518,282.csv
car,2,7473,7555,83,3.458333333,11.18033989,2.223862719,1.513506024,2.475,2.7122,4.1714,821.0722892,2032.192771,589.csv
motor,3,4054,4137,84,3.5,8.062257748,1.550683779,1.506809524,2.397,2.6284,3.179,913.1071429,1287.97619,266.csv
motor,3,2617,2701,85,3.541666667,2.236067977,0.896127771,1.720764706,2.397,2.5576,2.9714,32.74117647,1604.376471,271.csv
motor,3,5349,5433,85,3.541666667,1.414213562,1.56475011,0.876247059,2.37,2.5458,2.5142,1787.458824,400.4470588,194.csv
car,2,6466,6551,86,3.583333333,18.02775638,3.966207311,1.101976744,2.491,2.653,2.6436,361.1976744,321.4418605,336.csv
motor,3,5314,5399,86,3.583333333,4,2.343218008,1.362593023,2.49,2.469,2.3522,2576.197674,1283.395349,455.csv
motor,3,4189,4274,86,3.583333333,2,1.018288684,0.602976744,2.454,3.4608,3.395,1178.255814,786.7790698,84.csv
motor,3,3572,3658,87,3.625,1,0.906954094,0.849781609,2.488,3.1518,2.3326,968.2873563,1418.16092,212.csv
motor,3,1201,1287,87,3.625,4.472135955,2.000330267,1.032413793,2.446,2.5884,3.058,497.1149425,465.091954,133.csv
car,2,3683,3770,88,3.666666667,38.01315562,8.994854762,1.298034091,2.474,2.8758,2.8042,1666.022727,1397.284091,318.csv
motor,3,3806,3894,89,3.708333333,5.656854249,2.210429651,0.848696629,2.432,2.8008,4.239,1163.359551,1565.202247,320.csv
motor,3,4863,4953,91,3.791666667,2.236067977,1.140424291,1.001516484,2.434,2.828,2.2494,1052.241758,1539.736264,268.csv
motor,3,3235,3326,92,3.833333333,13.45362405,5.654545907,1.248175676,2.496351351,2.578648649,1.6544,921.3152174,1278.73913,266.csv
motor,3,1241,1333,93,3.875,4.123105626,1.973755427,1.690731183,2.478,3.0074,2.7102,384.6344086,606.7204301,97.csv
car,2,8100,8192,93,3.875,2,1.221649242,1.293591398,2.458,2.8938,2.6416,926.2580645,1421.344086,584.csv
motor,3,5968,6062,95,3.958333333,3.16227766,1.99584055,1.242378947,2.466,2.5946,3.5724,471.7263158,484.3473684,514.csv
motor,3,3575,3669,95,3.958333333,2.236067977,1.242016054,1.071684211,2.377,2.8136,3.5876,1058.978947,1486.610526,260.csv
motor,3,3219,3314,96,4,2.828427125,1.802715448,0.891989583,2.406,3.0002,2.508,1454.427083,766.2604167,218.csv
motor,3,3398,3493,96,4,3.605551275,1.990428485,1.315541667,2.394,2.3336,4.6596,1061.875,1532.291667,268.csv
motor,3,8091,8186,96,4,3.16227766,1.862399792,1.403958333,2.334,2.5112,3.017,1767.322917,401.4895833,194.csv
car,2,8339,8434,96,4,6.32455532,1.63232856,0.9960625,2.286,2.8696,2.9476,1159.645833,1429.041667,600.csv
motor,3,7433,7530,98,4.083333333,7.071067812,1.614632693,1.174193878,2.26,2.8412,3.208,813.9897959,1466.5,564.csv
motor,3,4024,4122,99,4.125,5,1.958762709,1.44269697,2.446,2.6058,2.7208,1059.40404,1492.666667,260.csv
motor,3,3439,3537,99,4.125,3.16227766,1.295452084,1.201606061,2.438,2.8682,3.5488,913.7272727,1287.292929,266.csv
motor,3,1845,1943,99,4.125,1,1.112671081,1.222494949,2.423,1.0664,2.642,1591.030303,653.6767677,166.csv
car,2,9,107,99,4.125,0,0.804537687,1.040979798,2.386,1.612,2.6138,2027.262626,1394.969697,51.csv
motor,3,188,287,100,4.166666667,6.08276253,1.263289357,0.7638,2.488,2.9804,3.4958,2950.46,1300.15,105.csv
car,2,1,101,101,4.208333333,2,1.101905026,0.834425743,2.497,0,2.4424,2821.435644,1335.891089,9.csv
motor,3,8725,8826,102,4.25,31.6227766,8.728337275,1.217038305,2.487661202,2.567054645,2.9356,398.2156863,481.5,644.csv
motor,3,4212,4314,103,4.291666667,3.605551275,1.337200224,0.978815534,2.432,3.0368,2.9618,1065.563107,1534.718447,268.csv
motor,3,8708,8813,106,4.416666667,2.236067977,1.780446382,0.874301887,2.375,3.0508,2.7962,777.3867925,1407.858491,574.csv
motor,3,3358,3464,107,4.458333333,3.16227766,2.048925549,1.301953271,2.476,3.0194,2.6224,1055.345794,1490.009346,260.csv
motor,3,8901,9007,107,4.458333333,11.66190379,3.103788831,1.373299065,2.358,2.7498,3.1068,765.1308411,1401.224299,574.csv
car,2,5,114,110,4.583333333,8.544003745,2.27761293,0.716918182,2.421,1.68675,2.3166,435.3545455,102.3636364,17.csv
car,2,8911,9021,111,4.625,6.708203932,2.025364684,0.792675676,2.345,2.7768,0,1151.531532,1428.144144,600.csv
motor,3,8202,8313,112,4.666666667,3.605551275,2.400573911,1.152267857,2.494,2.9922,3.088,1768,403.5714286,194.csv
motor,3,3380,3491,112,4.666666667,3.16227766,1.054479028,1.059401786,2.482,2.5078,2.357,1119.214286,1325.553571,274.csv
motor,3,3089,3200,112,4.666666667,2.236067977,1.90088426,1.258196429,2.475,2.3306,2.6692,970.0267857,1529.544643,248.csv
motor,3,1429,1540,112,4.666666667,5.385164807,1.748336491,1.252446429,2.449,3.172,3.9362,509.2589286,460.2142857,133.csv
motor,3,4541,4653,113,4.708333333,1.414213562,0.933450052,1.157309735,2.278,2.8356,2.694,1181.867257,786.5840708,84.csv
motor,3,3782,3895,114,4.75,1,1.462888612,0.991421053,2.479,2.7478,2.2412,1060.631579,1489.403509,260.csv
motor,3,232,348,117,4.875,2.236067977,1.000328677,1.006709402,2.338,2.351,2.8226,1018.410256,1550.102564,142.csv
motor,3,5180,5296,117,4.875,3.16227766,1.877892733,0.851461538,2.312,2.5678,6.0852,443.3504274,194.017094,392.csv
motor,3,6456,6573,118,4.916666667,6.08276253,2.019546825,0.968991525,2.407,3.3662,2.6558,323.7542373,135.3135593,547.csv
car,2,624,742,119,4.958333333,18.68154169,3.898688757,1.055218487,2.498,2.4966,2.61,3239.042017,1261.907563,137.csv
truck,7,390,508,119,4.958333333,6.08276253,1.516288699,0.986285714,2.453,2.1772,2.8406,1673.512605,1283.680672,43.csv
motor,3,6242,6362,121,5.041666667,5,1.524922165,1.355322314,2.464,2.3302,2.5888,1966.190083,660.6115702,453.csv
motor,3,5596,5716,121,5.041666667,9.848857802,3.091792864,1.038363636,2.421,1.8798,3.2718,426.5785124,176.5950413,392.csv
motor,3,540,663,124,5.166666667,7.810249676,2.736415221,1.071774194,2.323,2.5832,3.6974,2928.112903,1198.153226,76.csv
motor,3,8758,8883,126,5.25,7.615773106,2.128005559,1.173396825,2.495,5.8672,2.3974,803.1269841,1544.055556,643.csv
motor,3,1548,1678,131,5.458333333,7.211102551,2.139884058,1.539320611,2.496,2.8076,2.6656,393.2900763,521.6717557,195.csv
motor,3,161,291,131,5.458333333,3,2.081409383,1.371587786,2.399,2.8542,2.1278,2721.51145,1456.129771,68.csv
motor,3,3938,4068,131,5.458333333,1,0.990073687,0.695969466,2.398,3.1612,2.181,1164.885496,1566.229008,320.csv
car,2,393,523,131,5.458333333,11.04536102,2.249358111,0.768435115,2.369,2.9322,2.8198,1850.48855,1320.083969,11.csv
motor,3,187,319,133,5.541666667,9.433981132,2.245214004,1.354781955,2.448,2.5242,3.3714,979.3759398,1499.075188,89.csv
motor,3,1098,1231,134,5.583333333,5.385164807,1.825187626,0.8135,2.462,3.2544,2.8928,396.8731343,530.3283582,195.csv
motor,3,8347,8482,136,5.666666667,4.242640687,2.68838251,1.227808824,2.489,2.7086,2.3856,775.4191176,1400.713235,574.csv
motor,3,6551,6690,140,5.833333333,5.385164807,2.395989421,1.075521429,2.414,2.4426,3.075,1786.964286,400.5285714,194.csv
motor,3,2105,2246,142,5.916666667,24.08318916,6.848902017,0.446742958,2.321,2.7588,7.3826,1789.852113,727.8802817,194.csv
car,2,3956,4097,142,5.916666667,20.02498439,4.42762334,0.726035211,2.448,2.8446,2.3222,2004.887324,1392.056338,338.csv
motor,3,534,676,143,5.958333333,38.05259518,9.597825034,1.242069697,2.484139394,2.536621212,9.3504,2934.853147,1303.993007,105.csv
motor,3,8493,8635,143,5.958333333,6.403124237,2.498569203,1.074286713,2.371,2.6904,2.5364,772.2727273,1402.272727,574.csv
motor,3,166,309,144,6,7.071067812,1.93917938,1.051333333,2.477,3.204,2.4926,1018.958333,1450.208333,114.csv
truck,7,504,649,146,6.083333333,12.16552506,3.31999662,1.151726027,2.446,2.329,2.8272,3097.90411,1378.760274,71.csv
van,8,188,334,147,6.125,39.01281841,11.66545481,1.218360544,2.492,2.4182,2.2142,1357.85034,1450.102041,41.csv
car,2,8802,8949,148,6.166666667,10.77032961,2.804526173,1.15472973,2.489,2.0414,2.766,926.3310811,1427.135135,584.csv
car,2,5218,5367,150,6.25,17.2626765,4.518918258,0.913166667,2.486,2.3724,2.8288,1466.066667,1280.96,292.csv
car,2,8846,9001,156,6.5,34.43835072,8.739396694,1.05675641,2.492,2.9686,2.4622,3126.192308,778.7820513,654.csv
motor,3,3400,3555,156,6.5,2.236067977,3.035586382,1.373557692,2.491,3.374,3.0498,966.4679487,1418.333333,212.csv
motor,3,2452,2611,160,6.666666667,4.123105626,1.956948757,1.356634375,2.466,1.2032,2.5576,35.225,1604.03125,271.csv
car,2,8449,8608,160,6.666666667,9.848857802,2.412953325,0.9503125,2.462,2.9288,2.8122,1157.2,1428.3875,600.csv
van,8,4072,4231,160,6.666666667,2.236067977,1.242776001,0.7029375,2.425,2.8354,3.209,1735.9125,1376.71875,325.csv
motor,3,2047,2208,162,6.75,1.414213562,1.707601999,1.416438272,2.477,2.0722,2.5132,1591.419753,651.4012346,166.csv
motor,3,1350,1511,162,6.75,8.062257748,2.378017821,0.97832716,2.394,2.4846,2.5982,385.4506173,604.5555556,97.csv
motor,3,544,705,162,6.75,2.236067977,1.930806573,0.98641358,2.39,2.3728,2.357,457.3271605,448.8703704,123.csv
motor,3,4604,4767,164,6.833333333,1,1.56927813,1.259603659,2.434,2.3398,2.867,1044.073171,1540.25,268.csv
motor,3,3660,3825,166,6.916666667,9,1.620840199,1.044487952,2.459,2.0922,2.225,967.1144578,1413.831325,212.csv
car,2,8145,8310,166,6.916666667,6.08276253,1.781707343,0.735289157,2.285,3.1026,3.5542,1154.674699,1427.144578,600.csv
car,2,5782,5948,167,6.958333333,13.60147051,3.0217636,1.01191018,2.478,2.8434,2.5162,357.2994012,304.6526946,336.csv
car,2,449,618,170,7.083333333,8.062257748,2.767345423,0.893658824,2.454,3.2964,2.4966,3257.217647,1261.782353,137.csv
motor,3,8163,8335,173,7.208333333,5,2.884479941,1.047699422,2.499,2.6588,2.9578,772.4450867,1401.138728,574.csv
van,8,6,179,174,7.25,23,5.735301052,0.877195402,2.49,1.6172,2.3816,1394.655172,1450.637931,41.csv
motor,3,3202,3375,174,7.25,12.04159458,2.307290541,1.082695402,2.427,2.7564,2.5774,1122.66092,1327.655172,274.csv
motor,3,920,1094,175,7.291666667,10.19803903,3.77402508,1.004022857,2.488,2.7834,2.3736,506.7257143,467.6514286,133.csv
motor,3,923,1097,175,7.291666667,4.123105626,1.563857084,1.25548,2.453,3.0214,2.5556,385.6228571,614.92,97.csv
motor,3,5020,5194,175,7.291666667,10.19803903,11.0904997,1.177622857,2.421,2.7014,0.9756,1190.571429,792.4,84.csv
motor,3,4337,4512,176,7.333333333,4.123105626,1.518778802,0.909443182,2.44,2.986,2.812,1065.625,1535.136364,268.csv
motor,3,3499,3676,178,7.416666667,6.403124237,1.795767865,1.281241573,2.417,2.5076,2.7702,967.9157303,1527.837079,248.csv
motor,3,1297,1480,184,7.666666667,1.414213562,0.848209222,0.880190217,2.466,2.9428,2.8136,1598.516304,640.5923913,166.csv
car,2,8710,8895,186,7.75,5.385164807,2.62242722,0.76855914,2.439,2.9854,2.8596,1159.258065,1432.693548,600.csv
van,8,1,187,187,7.791666667,16.03121954,2.80904973,0.784860963,2.469,0,2.5528,1441.411765,1282.203209,14.csv
motor,3,4955,5141,187,7.791666667,4,1.805634592,1.069818182,2.394,2.2652,2.6994,1054.84492,1539.176471,268.csv
motor,3,249,437,189,7.875,12.04159458,4.566036404,1.091412698,2.462,2.3334,3.1222,3123.582011,1195.137566,99.csv
motor,3,1518,1710,193,8.041666667,7.211102551,2.019103906,0.873937824,2.352,2.6042,3.4856,377.9378238,603.5595855,97.csv
motor,3,4345,4538,194,8.083333333,9.055385138,2.124142935,1.019139175,2.415,2.3802,2.8632,1558.494845,1282.592784,337.csv
motor,3,8160,8353,194,8.083333333,4.242640687,2.420453023,1.207587629,2.36,1.1836,2.302,1946.396907,665.9329897,453.csv
car,2,11,206,196,8.166666667,4.242640687,1.971917324,0.697,2.43,1.6226,2.2274,2640.321429,1261.183673,12.csv
motor,3,1084,1286,203,8.458333333,7,2.691035211,0.748985222,2.158,1.5735,2.8434,1596.522167,643.1330049,166.csv
car,2,8216,8421,206,8.583333333,2.828427125,2.974710385,1.210145631,2.417,2.3564,2.8608,928.5825243,1425.271845,584.csv
motor,3,8737,8944,208,8.666666667,9.848857802,6.481239997,0.877927885,2.455,2.9268,2.9542,875.1057692,1543.355769,636.csv
motor,3,2879,3087,209,8.708333333,5,2.598072907,1.276976077,2.442,3.4496,2.1296,967.1483254,1531.717703,248.csv
motor,3,8813,9021,209,8.708333333,15,5.639693251,1.148650718,2.329,2.951,0,1766.354067,399.8947368,194.csv
car,2,1272,1482,211,8.791666667,3.16227766,1.230366805,0.934691943,2.49,2.2384,2.1196,274.9194313,262.7061611,82.csv
motor,3,812,1022,211,8.791666667,8.062257748,4.034720495,1.208241706,2.413,2.4346,2.8456,454.0189573,452.2843602,123.csv
car,2,8809,9021,213,8.875,17.49285568,4.413325338,0.83642723,2.303,2.8482,0,1805.093897,1393.159624,657.csv
motor,3,3834,4048,215,8.958333333,3,1.659298659,1.282855814,2.451,1.9014,2.7656,969.2883721,1422.027907,212.csv
motor,3,1,215,215,8.958333333,4.242640687,1.122945212,0.907255814,2.409,0,2.9072,1305.576744,761.827907,59.csv
motor,3,5414,5633,220,9.166666667,4,2.206784243,0.935781818,2.412,2.6334,2.1886,449.6090909,539.0954545,429.csv
motor,3,8416,8640,225,9.375,5.830951895,1.80111351,0.966573333,2.479,2.6942,2.968,1769.306667,400.4711111,194.csv
motor,3,4286,4510,225,9.375,1,1.279737627,0.717066667,2.407,2.9866,3.5018,1176.32,786.2622222,84.csv
motor,3,3969,4196,228,9.5,2.236067977,1.427690529,1.031070175,2.495,2.929,2.4004,1751.061404,1424.723684,332.csv
motor,3,3552,3782,231,9.625,4,1.806466067,1.153064935,2.454,2.6376,3.1294,1120.21645,1325.324675,274.csv
van,8,1,234,234,9.75,2,1.375039431,0.671619658,2.311,0,2.6012,2056.25641,1480.286325,7.csv
car,2,7710,7947,238,9.916666667,3,1.516480796,1.004386555,2.145,2.9044,2.5472,924.4201681,1417.760504,584.csv
motor,3,6236,6474,239,9.958333333,4.472135955,3.895772737,1.093991632,2.492,2.3244,2.9732,1785.138075,397.5606695,194.csv
motor,3,4162,4402,241,10.04166667,2.236067977,1.497275753,1.186717842,2.375,3.0248,2.9064,999.5892116,1569.53527,343.csv
motor,3,8355,8596,242,10.08333333,4.123105626,2.644373051,1.059334711,2.373,2.281,0,1948.900826,663.2438017,453.csv
motor,3,38,281,244,10.16666667,6.32455532,2.915323272,0.942786885,2.158,1.5625,2.7916,1067.885246,1286.004098,29.csv
van,8,229,473,245,10.20833333,15.5241747,2.209381383,0.610053061,2.425,2.5348,3.1534,1398.453061,1285.510204,14.csv
car,2,4021,4267,247,10.29166667,1.414213562,1.073905242,0.69691498,2.345,2.3576,2.252,1416.506073,1498.550607,298.csv
motor,3,6899,7146,248,10.33333333,16.15549442,4.564079755,1.101596774,2.464,2.3862,2.3528,1780.721774,401.7177419,194.csv
motor,3,4182,4429,248,10.33333333,2,1.67921643,0.86146371,2.237,2.9098,2.421,913.0282258,1288.75,266.csv
car,2,9,257,249,10.375,5.385164807,2.209448619,0.964542169,2.284,1.7682,2.3678,385.6586345,338.7429719,1.csv
van,8,239,492,254,10.58333333,5.830951895,1.681973442,1.057700787,2.48,2.5674,2.1444,2057.177165,1480.807087,7.csv
motor,3,69,323,255,10.625,8.062257748,1.8116204,1.090117647,2.324,2.1962,1.7568,2926.74902,1203.188235,76.csv
motor,3,27,283,257,10.70833333,1,1.641995685,1.146575875,2.481,3.1384,2.3618,1357.050584,1517.097276,53.csv
motor,3,509,765,257,10.70833333,1,1.474620902,1.022046693,2.454,2.8882,2.9706,512.5603113,462.7392996,133.csv
motor,3,7149,7405,257,10.70833333,7.280109889,3.064152306,1.062996109,2.43,2.398,2.5516,1770.750973,399.4280156,194.csv
car,2,746,1008,263,10.95833333,5,3.716616746,1.31465019,2.434,2.2006,2.5554,390.851711,347.6958175,1.csv
motor,3,277,542,266,11.08333333,10.77032961,3.840022684,1.164015038,2.44,3.5036,2.2288,449.8195489,449.0601504,123.csv
truck,7,3,268,266,11.08333333,8.544003745,2.488392409,0.90712406,2.328,1.562,3.1568,1734.353383,1286.526316,43.csv
car,2,449,718,270,11.25,9.055385138,3.143327464,0.753888889,2.408,3.0668,2.3734,266.2037037,74.61481481,77.csv
motor,3,4530,4803,274,11.41666667,5.830951895,2.392315583,0.979594891,2.347,2.3998,2.3488,1062.361314,1494.722628,260.csv
car,2,3942,4222,281,11.70833333,5.385164807,1.372512562,0.699644128,2.467,3.0142,2.6712,1809.80427,1508.156584,326.csv
van,8,3720,4002,283,11.79166667,17.4642492,2.501072951,0.800844523,2.351,2.9886,2.7408,1806.59364,1369,325.csv
car,2,51,335,285,11.875,11.18033989,1.874203227,0.542494737,2.49,2.769,3.0058,1927.231579,1318.807018,11.csv
motor,3,605,893,289,12.04166667,5,2.346852493,1.469408304,2.486,2.7458,2.7308,388.9619377,605.8062284,97.csv
motor,3,3687,3977,291,12.125,4.123105626,1.023858926,0.634914089,2.456,2.7984,2.5894,969.0927835,1522.525773,248.csv
car,2,208,506,299,12.45833333,5.385164807,1.296762094,0.534137124,2.381,2.2942,3.0258,2642.086957,1259.424749,12.csv
car,2,8721,9021,301,12.54166667,21.9544984,5.747010905,0.692983389,2.494,2.4852,0,1724.687708,1317.807309,651.csv
motor,3,4208,4509,302,12.58333333,3.605551275,1.815940653,1.194296358,2.479,2.513,3.0198,1753.533113,1424.625828,332.csv
motor,3,1420,1721,302,12.58333333,11.70469991,4.042292373,1.023437086,2.388,2.2526,2.4164,447.8344371,445.9966887,123.csv
motor,3,10,316,307,12.79166667,13.03840481,3.058609374,0.709175896,2.457,0,3.1682,399.9641694,520.6319218,195.csv
car,2,1,307,307,12.79166667,15.29705854,2.924123665,0.566439739,2.37,0,2.601,1065.491857,1345.80456,46.csv
motor,3,5286,5594,309,12.875,28.28427125,6.067644436,1.145724919,2.469,2.846,2.973,2430,1445.598706,460.csv
motor,3,4030,4343,314,13.08333333,10.44030651,1.70195445,1.02293949,2.437,2.6284,2.3256,1559.328025,1282.640127,337.csv
motor,3,4437,4756,320,13.33333333,7.071067812,2.637214884,1.193028125,2.449,2.4738,2.2532,917.584375,1288.678125,266.csv
car,2,107,429,323,13.45833333,28.0713377,4.833847567,0.561755418,2.462,2.5172,2.3174,1445.678019,1366.860681,42.csv
car,2,8696,9021,326,13.58333333,13.60147051,4.806486147,0.541202454,2.484,2.8228,0,1658.595092,1462.886503,647.csv
car,2,4873,5200,328,13.66666667,10,3.38058756,1.077182927,2.401,2.4394,2.8686,1250.679878,1504.448171,282.csv
motor,3,4627,4960,334,13.91666667,13.15294644,3.462881293,0.936775449,2.366,2.4234,2.973,2207.847305,1275.628743,364.csv
motor,3,4438,4771,334,13.91666667,10.44030651,2.258519196,0.780826347,2.354,2.842,3.0152,2057.347305,1325.685629,365.csv
motor,3,123,467,345,14.375,19.10497317,2.736425319,1.044194203,2.453,2.885,2.533,2503.718841,1335.542029,28.csv
motor,3,4796,5145,350,14.58333333,8.062257748,3.287747197,0.87662,2.455,3.5422,3.354,449.9485714,538.0485714,429.csv
motor,3,1493,1843,351,14.625,14.31782106,3.171591561,1.048934473,2.416,2.9198,1.5184,1595.415954,636.9145299,166.csv
car,2,1484,1837,354,14.75,13.03840481,2.940554495,0.579827684,2.463,2.3546,2.9114,267.5169492,257.5734463,82.csv
van,8,53,409,357,14.875,10.19803903,2.069567424,0.525343137,2.198,0.6496,2.4422,2440.952381,1274.532213,83.csv
car,2,7746,8104,359,14.95833333,9.433981132,3.423109339,0.695816156,2.435,2.5636,2.8206,835.0696379,1331.261838,545.csv
car,2,4188,4548,361,15.04166667,5.099019514,2.117633869,0.604916898,2.401,2.687,2.511,2281.481994,1487.32133,356.csv
car,2,112,473,362,15.08333333,12.04159458,2.425743128,0.58879558,2.434,2.6042,2.726,2027.98895,1392.367403,51.csv
motor,3,8657,9021,365,15.20833333,13.89244399,6.10223404,0.971030137,2.458,2.0752,0,805.3287671,1478.276712,564.csv
car,2,8435,8800,366,15.25,7.071067812,3.731706352,1.036478142,2.489,2.498,2.318,928.931694,1426.505464,584.csv
motor,3,3659,4028,370,15.41666667,5.099019514,1.514577329,0.932532432,2.497,3.1046,3.7044,1064.194595,1532.662162,268.csv
car,2,8652,9021,370,15.41666667,12.72792206,5.892392738,0.783254054,2.111,2.9476,0,1192.524324,831.5783784,649.csv
motor,3,4141,4519,379,15.79166667,5.385164807,2.018481729,1.069633245,2.472,2.7474,2.3942,1056.23219,1490.905013,260.csv
car,2,1,379,379,15.79166667,36.12478374,7.393021192,0.7566781,2.453,0,2.7254,1494.538259,1540.509235,27.csv
motor,3,1036,1418,383,15.95833333,10,3.48224965,0.918686684,2.397,2.33,2.1436,451.0966057,451.5483029,123.csv
motor,3,2370,2756,387,16.125,5.099019514,1.621364154,1.062586563,2.369,3.2496,3.8866,960.5426357,1420.594315,212.csv
car,2,25,413,389,16.20833333,26.01922366,6.131307494,0.532167095,2.35,2.5576,2.7826,2241.354756,1265.390746,2.csv
motor,3,1,391,391,16.29166667,9.486832981,1.632495063,0.918974425,2.476,0,3.793,976.6879795,1299.327366,52.csv
motor,3,21,414,394,16.41666667,5.656854249,2.180916484,1.183814721,2.432,2.489,3.2352,381.4314721,602.6345178,97.csv
motor,3,7757,8154,398,16.58333333,2,2.216981836,0.876110553,2.465,3.011,3.0252,772.839196,1398.128141,574.csv
car,2,13,413,401,16.70833333,6.403124237,2.143266394,0.851009975,2.289,1.3798,2.4646,256.6758105,70.51371571,77.csv
motor,3,27,428,402,16.75,9.219544457,2.490889566,1.007313433,2.389,2.9968,2.6102,1552.343284,1310.09204,98.csv
motor,3,4841,5243,403,16.79166667,3.605551275,2.882347357,0.889962779,2.454,2.4086,2.7282,1071.498759,1492.779156,260.csv
car,2,1,404,404,16.83333333,21.02379604,3.894201606,0.567789604,2.472,0,2.7442,1704.544554,1508.64604,49.csv
motor,3,3701,4104,404,16.83333333,16.2788206,3.683077656,1.255990099,2.464,2.9512,2.838,965.4678218,1569.811881,313.csv
car,2,1,409,409,17.04166667,16.03121954,2.637741834,0.393704156,2.464,0,2.952,1648.085575,1428.897311,8.csv
motor,3,4124,4544,421,17.54166667,6.708203932,2.087941382,1.24424228,2.498,2.5222,2.4086,967.327791,1529.420428,248.csv
car,2,4,431,428,17.83333333,22.36067977,4.403373828,0.840186916,2.495,2.090333333,2.3962,2842.848131,1496.971963,56.csv
motor,3,5139,5568,430,17.91666667,31.57530681,4.548890117,0.582597674,2.385,2.8126,8.1068,2228.611628,1423.195349,445.csv
motor,3,4780,5213,434,18.08333333,8.602325267,4.695045788,1.105016129,2.491,2.5066,2.408,982.5460829,1530.447005,248.csv
car,2,8569,9021,453,18.875,10.44030651,4.429446599,0.474262693,2.401,2.7802,0,1487,1446.315673,637.csv
car,2,3,456,454,18.91666667,27,6.907891084,0.644852423,2.383,1.562,2.5674,1841.938326,1411.103524,13.csv
motor,3,3549,4023,475,19.79166667,11.04536102,4.836113455,1.042072632,2.433,3.1198,2.48,913.48,1283.705263,266.csv
car,2,260,744,485,20.20833333,9.433981132,5.042010777,0.774865979,2.424,2.2608,2.1256,389.4041237,345.1298969,1.csv
car,2,105,589,485,20.20833333,1.414213562,2.039111671,0.974484536,2.407,2.4504,2.3726,2823.125773,1333.756701,9.csv
truck,7,17,502,486,20.25,6.08276253,2.419373378,0.940621399,2.395,2.196,2.3718,3093.59465,1380.627572,71.csv
car,2,8530,9021,492,20.5,13.60147051,5.201869576,0.766577236,2.489,2.8944,0,1323.339431,1505.628049,627.csv
car,2,1,495,495,20.625,21,3.940560304,0.528430303,2.497,0,2.6432,2372.953535,1460.551515,18.csv
car,2,3,506,504,21,20.02498439,4.078521545,0.842150794,2.371,1.562,2.6924,2576.059524,1481.753968,6.csv
motor,3,5307,5812,506,21.08333333,17.02938637,3.195151036,0.802642292,2.453,3.2578,2.9622,2109.62253,771.5849802,453.csv
car,2,5952,6457,506,21.08333333,4.472135955,4.645131952,0.847926877,2.437,2.53,2.7148,362.7193676,307.5711462,336.csv
motor,3,572,1079,508,21.16666667,7.810249676,4.005885198,0.904777559,2.494,2.3778,2.9728,2428.413386,768.2814961,84.csv
motor,3,5676,6192,517,21.54166667,10.63014581,4.871833228,0.685998066,2.469,2.5568,1.8006,428.5725338,534.3191489,429.csv
car,2,10,544,535,22.29166667,8,1.725643677,0.466065421,2.449,1.9264,2.4476,2230.880374,1372.457944,50.csv
car,2,4790,5327,538,22.41666667,2.236067977,4.734560874,0.880810409,2.496,2.2562,2.7568,1453.944238,1397.457249,285.csv
car,2,3472,4019,548,22.83333333,1.414213562,1.420893197,0.670912409,2.451,2.79,2.1706,1418.392336,1496.149635,298.csv
car,2,4734,5294,561,23.375,8.246211251,4.929598961,0.72773975,2.441,2.3362,3.159,1134.14082,1392.736185,256.csv
motor,3,3,569,567,23.625,4.472135955,2.02464066,0.776190476,2.389,1.562,2.4208,2424.541446,767.3527337,84.csv
car,2,5134,5702,569,23.70833333,16.4924225,3.522921515,0.744318102,2.476,2.9792,2.7082,2741.525483,1256.634446,465.csv
car,2,3,580,578,24.08333333,41.10960958,7.714887498,0.76900692,2.268,1.562,2.6862,2421.148789,1376.316609,4.csv
car,2,8434,9021,588,24.5,12,4.92968015,0.671284014,2.221,2.7696,0,1016.770408,1503.146259,611.csv
motor,3,4836,5430,595,24.79166667,7.211102551,4.578754634,1.08474958,2.483,2.8966,2.847,2073.181513,1325.954622,365.csv
car,2,4857,5452,596,24.83333333,3.16227766,4.474080358,1.063166107,2.491,3.0324,2.808,2452.577181,1302.511745,423.csv
motor,3,2780,3375,596,24.83333333,6.32455532,4.320174617,0.778182886,2.303,3.1322,3.4086,966.7130872,1418.426174,212.csv
car,2,1,597,597,24.875,7.810249676,2.574652157,0.508152429,2.476,0,2.8714,2618.772194,1390.968174,10.csv
motor,3,2594,3192,599,24.95833333,11.04536102,4.673383492,0.731679466,2.4,3.4692,2.4726,1447.699499,765.7979967,218.csv
motor,3,7410,8033,624,26,3.16227766,3.419209378,1.021642628,2.45,2.5746,2.3506,1769.147436,398.3782051,194.csv
car,2,1172,1800,629,26.20833333,4.472135955,5.825248973,0.767305246,2.45,2.1304,2.7592,236.8441971,425.936407,15.csv
car,2,3815,4445,631,26.29166667,6.32455532,1.980266114,0.716038035,2.416,2.8858,2.5098,1609.767036,1400.489699,318.csv
car,2,4,651,648,27,7.615773106,3.00508059,0.684373457,2.486,1.033666667,2.6984,2834.695988,1248.33642,21.csv
motor,3,4522,5174,653,27.20833333,28.86173938,7.325397723,1.006468606,2.466,2.5584,2.6742,1768.37366,1427.267994,332.csv
car,2,4468,5121,654,27.25,22.09072203,5.687037696,0.811818043,2.438,2.622,2.1714,369.2171254,45.53363914,406.csv
car,2,5827,6511,685,28.54166667,15.65247584,4.575267259,0.804093431,2.469,2.4662,2.9504,376.4262774,487.0233577,289.csv
motor,3,4522,5209,688,28.66666667,12.08304597,1.522067457,1.248856822,2.497713643,2.50862069,6.4514,1233.768895,1557.023256,323.csv
car,2,4,733,730,30.41666667,7.071067812,4.10020504,0.728634247,2.432,1.033666667,2.707,3047.967123,1244.853425,3.csv
car,2,3441,4171,731,30.45833333,19.6977156,2.36074724,0.794900137,2.309,3.0274,2.7394,2253.586867,779.506156,280.csv
car,2,4833,5564,732,30.5,8.246211251,4.789271268,0.869392077,2.42,2.705,2.7682,2339.311475,1386.495902,404.csv
car,2,1039,1787,749,31.20833333,7.071067812,5.626575017,0.862813084,2.473,1.9756,2.8686,385.6194927,344.670227,1.csv
motor,3,2225,2976,752,31.33333333,27.78488798,3.926716472,1.028488032,2.354,2.3136,2.3058,1605.087766,634.962766,166.csv
motor,3,4520,5279,760,31.66666667,13.92838828,6.366341956,0.722321053,2.416,2.602,3.4112,997.7144737,1265.897368,275.csv
van,8,3380,4145,766,31.91666667,3.16227766,1.932683742,0.850449086,2.402,3.8442,2.4226,1305.79765,1288.043081,283.csv
car,2,4905,5677,773,32.20833333,38,4.436986252,0.875934023,2.408,2.7558,3.243,2574.771022,1378.836999,416.csv
motor,3,5457,6234,778,32.41666667,5,4.369749714,0.908362468,2.473,2.5518,2.1202,1780.637532,398.6272494,194.csv
car,2,3619,4408,790,32.91666667,14.14213562,2.675761942,0.677407595,2.499,2.4428,2.197,1603.370886,1480.178481,309.csv
car,2,3977,4770,794,33.08333333,10,3.316019499,0.811372796,2.482,2.4538,3.1608,1235.756927,1502.904282,282.csv
car,2,8112,9021,910,37.91666667,9.055385138,4.735798401,0.627376923,2.401,2.8906,0,836.9131868,1337.234066,545.csv
car,2,971,1885,915,38.125,8.485281374,3.878045636,0.641851366,2.484,2.6492,2.8604,359.1060109,24.25136612,119.csv
car,2,4410,5329,920,38.33333333,8.485281374,7.126757734,0.819091304,2.412,2.2176,2.6412,1613.026087,1484.080435,309.csv
car,2,4450,5375,926,38.58333333,16.1245155,7.518300673,0.640330454,2.357,2.5216,2.728,1620.737581,1403.208423,318.csv
car,2,6809,7741,933,38.875,32.14031736,9.822719877,0.739318328,2.365,2.7714,2.5816,845.6216506,1323.96463,545.csv
car,2,4540,5490,951,39.625,10.44030651,8.114102406,0.860336488,2.458,2.57,3.1662,2142.769716,1390.002103,382.csv
car,2,8061,9021,961,40.04166667,17.4642492,4.178969865,0.578550468,2.208,2.7638,0,1419.295525,1313.174818,602.csv
car,2,4553,5514,962,40.08333333,11.70469991,7.816383586,0.567859667,2.397,2.5178,2.6018,2298.142412,1490.165281,356.csv
car,2,8033,9021,989,41.20833333,19.02629759,4.3877584,0.623123357,2.309,2.4676,0,1212.628918,1338.271992,601.csv
car,2,4269,5325,1057,44.04166667,10.77032961,7.499192721,0.633449385,2.421,2.0326,2.5218,1425.282876,1501.030274,298.csv
motor,3,4125,5190,1066,44.41666667,35,9.009935307,0.463222326,2.312,2.7554,3.9888,1166.326454,1563.790807,320.csv
motor,3,7586,8655,1070,44.58333333,18.43908891,4.870108613,0.919540187,2.47,2.7052,2.107,802.5878505,1471.348598,564.csv
car,2,728,1836,1109,46.20833333,10.04987562,5.348408931,0.794974752,2.472,2.3758,2.8324,261.232642,73.61136159,77.csv
car,2,4228,5361,1134,47.25,7.211102551,8.121020085,0.66821164,2.466,2.6712,2.6044,1818.732804,1510.420635,326.csv
van,8,4243,5390,1148,47.83333333,5,8.308066463,0.71819338,2.374,2.8798,2.8076,1746.273519,1378.344948,325.csv
car,2,5,1170,1166,48.58333333,13.92838828,6.246993693,0.863113208,2.498,0.64975,2.324,239.9099485,428.2770154,15.csv
motor,3,4059,5226,1168,48.66666667,14.03566885,6.818477616,0.891232877,2.447,2.8868,2.9526,971.6652397,1420.777397,212.csv
car,2,4222,5396,1175,48.95833333,7.211102551,8.486262027,0.555650213,2.494,2.8468,2.687,1933.845957,1394.909787,338.csv
motor,3,3329,4507,1179,49.125,2.236067977,2.696389794,0.67213486,2.487,1.029333333,2.5076,987.4529262,1261.354538,275.csv
van,8,4155,5339,1185,49.375,7.615773106,7.721187883,0.876356118,2.475,2.4028,2.7478,1312.145148,1292.843038,283.csv
car,2,5302,6549,1248,52,19.92485885,6.034002814,0.884461538,2.359,2.2782,2.83,285.1330128,477.8549679,316.csv
car,2,4249,5511,1263,52.625,5,8.998593317,0.653646081,2.464,3.0994,2.7726,2094.140143,1270.57403,361.csv
car,2,1,1270,1270,52.91666667,11.04536102,6.091283212,0.869520472,2.422,0,2.372,273.1527559,262.6488189,82.csv
car,2,7697,9021,1325,55.20833333,13.41640786,6.26088344,0.637540377,2.465,3.0576,0,390.2875472,621.1071698,597.csv
car,2,4161,5509,1349,56.20833333,5,8.821686085,0.668120089,2.432,3.0442,2.6524,2123.277242,1477.890289,354.csv
car,2,3383,4788,1406,58.58333333,3.605551275,2.545427788,0.668492176,2.42,2.4364,2.2772,1440.655761,1395.248222,285.csv
car,2,4051,5489,1439,59.95833333,35.35533906,8.782718892,0.715588603,2.486,2.9318,3.0018,1943.935372,1307.563586,345.csv
motor,3,3801,5262,1462,60.91666667,20.61552813,7.318908324,0.888851573,2.431,2.9128,2.3076,1128.103967,1327.357729,274.csv
car,2,5123,6612,1490,62.08333333,25.17935662,6.42788997,0.859612081,2.333,2.112,3.0288,372.3463087,47.07248322,406.csv
motor,3,3604,5221,1618,67.41666667,32.06243908,1.614917,1.247029809,2.498692547,2.503336957,2.9998,1756.083436,402.9938195,194.csv
motor,3,4121,5744,1624,67.66666667,27,1.410768443,1.249643706,2.499287412,2.503907167,4.141,1596.171182,656.0369458,166.csv
car,2,116,1831,1716,71.5,9.219544457,5.324899832,0.726505828,2.466,2.2404,2.7692,435.3193473,108.530303,17.csv
car,2,3566,5300,1735,72.29166667,16.76305461,7.598925866,0.734785591,2.477,2.8244,2.2302,280.9348703,471.5487032,316.csv
car,2,6,1748,1743,72.625,17.20465053,5.893889669,0.781174412,2.484,1.5116,2.6328,332.4079174,531.6735513,16.csv
car,2,3441,5210,1770,73.75,18.68154169,5.898913967,0.752820339,2.483,3.434,2.416,1451.975141,1277.536723,292.csv
car,2,11,1798,1788,74.5,19.31320792,6.226500371,0.792739374,2.494,1.9004,2.7644,346.2309843,172.4753915,86.csv
car,2,3656,5460,1805,75.20833333,8.544003745,8.195394297,0.67638892,2.429,2.806,2.5518,1778.317452,1307.621053,306.csv
motor,3,7142,9021,1880,78.33333333,30.59411708,6.891871475,0.583247872,2.401,3.4852,0,984.2382979,1281.098404,556.csv
car,2,2819,4720,1902,79.25,10.19803903,3.040402422,0.553110936,2.426,2.978,2.7088,1121.250263,1389.603049,256.csv
car,2,3748,5761,2014,83.91666667,18.02775638,7.932098207,0.760010427,2.491,3.1906,2.7274,359.5834161,266.1564052,336.csv
car,2,3297,5368,2072,86.33333333,11.66190379,7.314119032,0.631026544,2.474,2.7526,2.6492,1146.02751,1273.477799,279.csv
motor,3,1163,3684,2522,105.0833333,12.52996409,7.447375627,0.621582871,2.488,3.7114,3.042,2426.211737,769.0095163,84.csv
car,2,3992,6553,2562,106.75,31.57530681,7.84264741,0.691587041,2.482,2.622,2.9098,442.5757221,320.7412178,351.csv
car,2,3236,5820,2585,107.7083333,9.486832981,7.48544369,0.706148936,2.431,3.1342,2.4766,371.7141199,479.1528046,289.csv
car,2,3758,6561,2804,116.8333333,34.71310992,9.166733582,0.794110556,2.471,2.5602,2.6402,259.7328816,258.014622,334.csv
motor,3,2347,5156,2810,117.0833333,27.16615541,5.786686284,0.757047331,2.478,3.0578,2.6568,957.7160142,1470.541993,208.csv
tricycle,6,6318,6432,115,4.791666667,39.11521443,13.86007308,1.081556522,2.428,5.5266,7.6912,818.5304348,821.8695652,524.csv
tricycle,6,5178,5210,33,1.375,24,13.17892689,2.132878788,2.403,2.7658,3.6012,871.7878788,1529.242424,214.csv
tricycle,6,7109,7483,375,15.625,10.44030651,11.93932155,0.828170667,2.492,3.0388,2.7804,3302.530667,847.4293333,151.csv
tricycle,6,7966,8242,277,11.54166667,1.414213562,10.89124383,0.971830325,2.46,0.611861644,2.4074,3302.238267,851.4945848,151.csv
tricycle,6,4312,5362,1051,43.79166667,21.02379604,10.51574453,0.7943433,2.492765957,2.5283769,2.7624,1584.745005,1337.349191,299.csv
tricycle,6,4131,5430,1300,54.16666667,12.36931688,9.046257129,0.555814615,2.496,3.114,3.2438,1982.476154,1466.353077,350.csv
tricycle,6,447,541,95,3.958333333,30.41381265,8.016382119,1.660336842,2.422,2.6468,2.8174,1988.410526,1286.852632,95.csv
tricycle,6,3745,4685,941,39.20833333,9.055385138,7.039646183,0.810094049,2.473,2.6258,2.4844,3292.484591,852.9511158,151.csv
tricycle,6,4696,5555,860,35.83333333,5,6.937397868,0.791703488,2.461,2.9382,3.0428,2310.897674,1250.447674,407.csv
tricycle,6,2570,2950,381,15.875,4.123105626,6.720378006,0.116192913,2.176,0.627420984,2.3204,3265.233596,848.2939633,151.csv
tricycle,6,2073,2568,496,20.66666667,12.08304597,6.604451904,0.637957661,2.352,2.4862,1.1068,3268.072581,847.0544355,151.csv
tricycle,6,8195,8300,106,4.416666667,8.94427191,6.214668737,1.228698113,2.4808,2.552361538,4.2088,1633.122642,828.0660377,570.csv
tricycle,6,8389,8482,94,3.916666667,20.24845673,5.804982952,1.668946809,2.484,2.7474,2.2692,1582.43617,776.0744681,570.csv
tricycle,6,8653,9021,369,15.375,8.485281374,5.748260707,0.820571816,2.372,3.2722,0,1616.609756,778.4390244,570.csv
tricycle,6,3670,4953,1284,53.5,11.40175425,5.241224195,0.799038941,2.488,2.8976,2.2144,981.5989097,1324.227414,223.csv
tricycle,6,8458,9021,564,23.5,5,5.232441038,1.004562057,2.356,2.3746,0,3314.106383,849.9822695,151.csv
tricycle,6,8612,9021,410,17.08333333,9.433981132,4.932964063,0.724502439,2.399,3.0864,0,1573.326829,1357.204878,641.csv
tricycle,6,6700,6731,32,1.333333333,16.2788206,4.911621264,1.5905625,2.451,3.0396,0,418.28125,2127.375,533.csv
tricycle,6,7772,7931,160,6.666666667,17.02938637,4.903761311,0.74976875,2.435,2.4718,2.3314,1582.9,796.325,570.csv
tricycle,6,3925,4066,142,5.916666667,4,4.567193243,1.424887324,2.427,2.4004,2.3882,1274.373239,1390.570423,277.csv
tricycle,6,2075,2198,124,5.166666667,21.02379604,4.47052871,1.083354839,2.425,2.9004,2.5352,3731.290323,802.8629032,33.csv
tricycle,6,4461,4563,103,4.291666667,8.544003745,4.375722878,1.268572816,2.429,2.6484,3.0604,1275.38835,1393.300971,277.csv
tricycle,6,5246,5483,238,9.916666667,11.40175425,4.105446253,1.556201681,2.472,2.7718,2.8644,448.3655462,76.12605042,456.csv
tricycle,6,5870,6596,727,30.29166667,9.055385138,4.090945921,1.113463549,2.472,2.548,2.4774,245.8748281,65.77854195,550.csv
tricycle,6,2567,3191,625,26.04166667,4.123105626,4.069347663,0.9336864,2.495,2.4638,2.4004,977.9312,1325.4704,223.csv
tricycle,6,6401,6533,133,5.541666667,8.602325267,3.944395587,1.473646617,2.422,3.1568,2.557,440.5864662,79.15037594,456.csv
tricycle,6,8245,8456,212,8.833333333,9.848857802,3.865323562,1.079926887,2.464,2.3428,2.2876,3307.226415,850.8679245,151.csv
tricycle,6,3381,3485,105,4.375,4.472135955,3.761000494,1.002390476,2.307,3.0818,2.6484,1270.590476,1390.038095,277.csv
tricycle,6,5214,5333,120,5,11,3.758130076,1.660583333,2.356,2.3576,3.1112,258.95,62.875,550.csv
tricycle,6,5012,5212,201,8.375,10.04987562,3.747659187,1.348323383,2.411,2.6454,2.1136,252.6616915,61.80099502,550.csv
tricycle,6,4746,4971,226,9.416666667,15.29705854,3.734324535,1.253752212,2.447,2.626,2.4926,245.3185841,64.59292035,550.csv
tricycle,6,499,755,257,10.70833333,6.403124237,3.644180245,0.843529183,2.408,2.7446,2.5396,3501.750973,818.7743191,33.csv
tricycle,6,5145,5177,33,1.375,8.062257748,3.600836552,1.65430303,2.488,2.877,2.4974,1292.333333,1394.727273,277.csv
tricycle,6,4137,4180,44,1.833333333,9.899494937,3.506708447,1.397977273,2.376,2.4166,3.065,855.7045455,901.0454545,288.csv
tricycle,6,6331,6382,52,2.166666667,11.40175425,3.453355713,1.658519231,2.384,2.5348,3.083,439.6346154,79.19230769,456.csv
tricycle,6,5642,5768,127,5.291666667,9.219544457,3.407584368,1.345425197,2.382,2.4112,2.6892,237.9133858,62.2992126,550.csv
tricycle,6,8593,8627,35,1.458333333,18.60107524,3.236526231,1.234928571,2.469857143,2.687785714,2.0066,1607.342857,761.4857143,570.csv
tricycle,6,5121,5274,154,6.416666667,6.708203932,3.188285238,1.044779221,2.439,2.6558,2.3488,998.7662338,1326.707792,223.csv
tricycle,6,238,438,201,8.375,12.36931688,3.16984536,0.967492537,2.439,4.1296,2.657,1580.960199,1348.726368,48.csv
tricycle,6,6046,6090,45,1.875,5.656854249,3.143796557,1.965377778,2.465,2.5714,2.3794,442.0888889,86.55555556,456.csv
tricycle,6,4802,4906,105,4.375,1,3.143088015,1.437285714,2.486,2.2438,2.2424,1283.219048,1396.333333,277.csv
tricycle,6,6191,6308,118,4.916666667,26.2488095,3.127072711,1.239689597,2.479379195,2.54295302,7.0948,810.8728814,820.1016949,524.csv
tricycle,6,4957,4992,36,1.5,9.486832981,3.089957849,1.324555556,2.437,2.6216,3.156,878.0277778,1525.583333,214.csv
tricycle,6,3100,3370,271,11.29166667,1,3.072021652,0.700560886,2.343,2.9694,2.251,868.2324723,1527.402214,214.csv
tricycle,6,6885,7090,206,8.583333333,3.16227766,3.031816704,1.334058252,2.496,2.5878,2.3856,3309.757282,852.7184466,151.csv
tricycle,6,2953,3359,407,16.95833333,12.36931688,3.018545266,0.699788698,2.445,1.769,2.7444,3294.154791,855.1842752,151.csv
tricycle,6,3477,4134,658,27.41666667,9.848857802,2.894766987,0.966395137,2.491,2.5434,2.321,855.6580547,895.5334347,288.csv
tricycle,6,4594,4623,30,1.25,1.414213562,2.684523546,2.0455,2.471,2.5626,2.7432,1275.5,1395.1,277.csv
tricycle,6,5515,5578,64,2.666666667,2,2.661483814,1.641375,2.488,2.4952,3.1204,444.546875,75.765625,456.csv
tricycle,6,4955,5026,72,3,2.828427125,2.571020538,1.46925,2.4,2.2872,2.1418,994.4722222,1326.263889,223.csv
tricycle,6,25,231,207,8.625,7.071067812,2.53581317,1.007458937,2.168,2.0098,4.6258,3127.144928,726.7004831,103.csv
tricycle,6,845,1449,605,25.20833333,15.65247584,2.530669738,0.413828099,2.476,2.2806,0.9848,3502.370248,820.0859504,33.csv
tricycle,6,4884,4947,64,2.666666667,11.70469991,2.527195827,1.196019781,2.469202128,2.590638298,3.4906,1399.625,1564.1875,403.csv
tricycle,6,7679,7766,88,3.666666667,6.403124237,2.513958963,0.848556818,2.444,2.9068,2.4718,1568.352273,803.8977273,570.csv
tricycle,6,1577,1925,349,14.54166667,17.2626765,2.493989129,0.777461318,2.425,2.8666,2.6746,2604.859599,782.9684814,172.csv
tricycle,6,3635,3680,46,1.916666667,6.08276253,2.482452595,1.229869565,2.401,2.621,2.6876,1277.478261,1391,277.csv
tricycle,6,5382,5471,90,3.75,7.071067812,2.467016992,0.998888889,2.433,2.5966,2.9696,2364.433333,1541.122222,444.csv
tricycle,6,5091,5259,169,7.041666667,5,2.422251342,0.793544379,2.404,2.57,2.9514,2366.964497,1540.964497,444.csv
tricycle,6,4401,4453,53,2.208333333,2.236067977,2.401939409,1.778528302,2.464,2.4842,2.6692,1268.660377,1392.660377,277.csv
tricycle,6,8511,8555,45,1.875,5.830951895,2.378089284,1.3798,2.4,3.0266,2.5692,1614.155556,771.1777778,570.csv
tricycle,6,5285,5321,37,1.541666667,7,2.312351312,1.864,2.485,2.5106,2.768,996.4054054,1328.594595,223.csv
tricycle,6,4957,4993,37,1.541666667,8.062257748,2.287578808,1.774621622,2.395,2.6144,2.413,1284.621622,1395.594595,277.csv
tricycle,6,7500,7582,83,3.458333333,7,2.263457521,1.226313253,2.478,3.025,2.593,3305.710843,849.7349398,151.csv
tricycle,6,4069,4241,173,7.208333333,3.16227766,2.26257572,1.618375723,2.463,2.2272,2.7402,1268.543353,1392.190751,277.csv
tricycle,6,5689,5809,121,5.041666667,1,2.254093409,1.259033058,2.456,2.8644,2.5768,433.4545455,74.95867769,456.csv
tricycle,6,315,586,272,11.33333333,5.830951895,2.190522504,1.135533088,2.456,2.6348,3.2188,3127.536765,723.1764706,103.csv
tricycle,6,5002,5066,65,2.708333333,7.071067812,2.091855155,1.337769231,2.355,2.3942,2.6844,1292.323077,1394.476923,277.csv
tricycle,6,3502,3536,35,1.458333333,7.071067812,2.065064114,1.344914286,2.431,2.8324,2.1946,1267.971429,1390.142857,277.csv
tricycle,6,3323,3655,333,13.875,3.605551275,1.998344507,0.816246246,2.494,2.4816,2.756,980.1051051,1322.357357,223.csv
tricycle,6,3371,3738,368,15.33333333,2.236067977,1.979788812,0.989766304,2.359,2.6632,2.608,3293.983696,853.3777174,151.csv
tricycle,6,5085,5208,124,5.166666667,5.830951895,1.915318336,0.904774194,2.485,2.605,2.8276,449.233871,74.13709677,456.csv
tricycle,6,1528,1965,438,18.25,7.280109889,1.8800701,0.994447489,2.478,2.138,2.7036,3489.835616,818.3881279,33.csv
tricycle,6,6093,6268,176,7.333333333,1,1.838900068,1.2746875,2.372,2.3328,2.731,445.9431818,88.91477273,456.csv
tricycle,6,1340,1453,114,4.75,11.18033989,1.82405526,1.224332704,2.492391576,2.55975351,2.5446,3263.298246,847.9298246,151.csv
tricycle,6,5049,5124,76,3.166666667,2,1.773291773,1.472026316,2.444,2.9434,2.4464,883.75,1525.263158,214.csv
tricycle,6,3333,3473,141,5.875,8.602325267,1.745833673,1.199120567,2.478,2.7406,2.5224,845.6170213,885.1985816,288.csv
tricycle,6,3388,4789,1402,58.41666667,7.810249676,1.702683248,1.009898716,2.36,2.303,4.6948,867.1305278,1527.559914,214.csv
tricycle,6,4974,5074,101,4.208333333,8.246211251,1.69193987,1.417039604,2.403,2.4574,2.3794,446.3069307,75.94059406,456.csv
tricycle,6,5356,5550,195,8.125,2,1.688978855,1.292861538,2.457,2.728,2.655,249.6051282,64.24102564,550.csv
tricycle,6,4922,4951,30,1.25,1.414213562,1.616924378,1.553533333,2.444,2.2804,2.6144,1283.466667,1394.966667,277.csv
tricycle,6,5557,5640,84,3.5,4.123105626,1.613918697,1.160440476,2.474,2.6732,2.1952,245.702381,64.9047619,550.csv
tricycle,6,5218,5292,75,3.125,3.16227766,1.613829125,1.12808,2.379,2.9222,2.999,1298.266667,1396.733333,277.csv
tricycle,6,766,796,31,1.291666667,1,1.611612387,1.307193548,2.443,2.8744,2.5702,3503.419355,810.9677419,33.csv
tricycle,6,3198,3320,123,5.125,1.414213562,1.570558323,1.29100813,2.49,2.413,2.4382,983.5284553,1323.495935,223.csv
tricycle,6,5819,5921,103,4.291666667,1.414213562,1.544147212,1.640165049,2.406,2.6816,2.6832,436.6019417,81.97087379,456.csv
tricycle,6,4746,4775,30,1.25,0,1.519137182,1.5733,2.463,2.8318,2.8258,1276.766667,1396.933333,277.csv
tricycle,6,4794,4829,36,1.5,1.414213562,1.484227779,0.854944444,2.328,4.2914,2.9356,876.3888889,1528.916667,214.csv
tricycle,6,4882,4951,70,2.916666667,5.385164807,1.468582546,1.401728571,2.329,2.8364,2.6216,876.5142857,1525.914286,214.csv
tricycle,6,5288,5375,88,3.666666667,3.605551275,1.464013926,0.810340909,2.489,2.9648,2.6104,2366.534091,1542.693182,444.csv
tricycle,6,6562,6620,59,2.458333333,3,1.457627119,1.059728814,2.341,2.6728,2.6356,443.9322034,82.84745763,456.csv
tricycle,6,443,478,36,1.5,2,1.433451761,1.33575,2.483,0.762717647,2.5406,3501.166667,811.9722222,33.csv
tricycle,6,4292,4348,57,2.375,1,1.411381429,1.641157895,2.33,2.7982,2.4912,1267.22807,1393.385965,277.csv
tricycle,6,4840,4868,29,1.208333333,2.236067977,1.391326966,1.980275862,2.462,2.8646,2.5046,879.8965517,1529.137931,214.csv
tricycle,6,5028,5057,30,1.25,1,1.373155328,1.776333333,2.34,1.9988,2.5576,995.4333333,1325.4,223.csv
tricycle,6,3697,3823,127,5.291666667,2.236067977,1.299045563,1.480165354,2.403,2.8066,2.5538,1276.291339,1389.614173,277.csv
tricycle,6,5937,6040,104,4.333333333,2.828427125,1.288138593,1.47375,2.441,2.4336,2.5714,437.5576923,81.97115385,456.csv
tricycle,6,3848,3911,64,2.666666667,2.236067977,1.283914912,1.259765625,2.443,2.8902,2.5734,1278.9375,1391.4375,277.csv
tricycle,6,5600,5655,56,2.333333333,3.605551275,1.232789685,1.397607143,2.484,2.4712,2.8306,438.125,75.73214286,456.csv
tricycle,6,31,373,343,14.29166667,4.123105626,1.221431694,0.858641399,2.334,1.3308,3.447,2083.381924,1294.553936,95.csv
tricycle,6,1462,1969,508,21.16666667,3,1.199759144,0.978685039,2.441,2.584,2.5962,3273.287402,844.8759843,151.csv
tricycle,6,5064,5095,32,1.333333333,5.099019514,1.178419227,1.4988125,2.409,2.55,2.804,992.90625,1325.59375,223.csv
tricycle,6,1451,1526,76,3.166666667,4,1.166683155,0.834013158,2.349,0.52332202,2.4172,3490.25,819.2236842,33.csv
tricycle,6,802,843,42,1.75,4,1.138135086,1.818928571,2.444,2.5702,2.1818,3503.880952,812,33.csv
tricycle,6,5822,5846,25,1.041666667,1.414213562,0.991160935,1.98688,2.45,3.2418,2.9266,241.8,57.24,550.csv
tricycle,6,3538,3630,93,3.875,2,0.989481038,1.45283871,2.314,2.1118,2.6544,1274.83871,1390.408602,277.csv
tricycle,6,1974,2069,96,4,0,0.929771384,0.694927083,2.442,2.608,2.4734,3273.260417,844.875,151.csv
tricycle,6,2683,3078,396,16.5,2.236067977,0.479684995,1.248909186,2.497818372,2.516789144,1.8966,867.0681818,1527.989899,214.csv
