class,class_id,start_frame,end_frame,duration_frames,duration_sec,displacement,pos_variance,mean_vel,max_vel,pre_vel,post_vel,mean_x,mean_y,vehicle_file
car,2,21,240,220,9.166666666666666,3.605551275463989,2.2131571387532323,0.8627863636363636,1.941,1.6341,2.154,385.4727272727273,338.7818181818182,1.csv
car,2,263,586,324,13.5,12.206555615733702,12.288222222222222,0.6258734567901235,1.921,2.1548000000000003,2.087,387.1203703703704,344.81481481481484,1.csv
car,2,588,714,127,5.291666666666667,2.0,2.5099999999999993,0.9280866141732284,1.976,1.3296999999999999,2.136,394.46456692913387,345.8346456692913,1.csv
car,2,785,883,99,4.125,3.0,0.4375,1.0765252525252524,1.997,2.1424,2.007,391.92929292929296,344.92929292929296,1.csv
car,2,1054,1238,185,7.708333333333333,7.280109889280518,2.957908163265306,0.8206162162162162,1.865,2.0053000000000005,2.083,385.76216216216216,349.8918918918919,1.csv
car,2,1246,1770,525,21.875,3.605551275463989,25.737109375,0.7882342857142857,1.925,1.8485,2.282,385.59238095238095,342.5028571428571,1.csv
car,2,8,527,520,21.666666666666668,5.830951894845301,5.5415999456527,0.45156346153846155,1.873,0.331,2.047,2618.471153846154,1391.0442307692308,10.csv
tricycle,6,26,231,206,8.583333333333334,7.0710678118654755,4.443771626297578,1.0018252427184464,1.883,1.4061,5.322,3127.140776699029,726.6796116504854,103.csv
tricycle,6,440,581,142,5.916666666666667,4.47213595499958,2.553633217993079,1.0294999999999999,1.918,1.7499000000000002,3.565,3128.6830985915494,722.8802816901408,103.csv
motor,3,190,287,98,4.083333333333333,6.082762530298219,0.7551903114186851,0.7328163265306122,1.791,2.9193000000000002,4.384,2950.4285714285716,1300.1734693877552,105.csv
motor,3,562,676,115,4.791666666666667,38.05259518088089,141.10107015457788,0.9971545454545456,1.994309090909092,2.0905257575757576,16.647,2933.8434782608697,1303.9913043478261,105.csv
car,2,56,334,279,11.625,9.055385138137417,1.1352327900937182,0.5074802867383512,1.953,2.4619,3.745,1927.258064516129,1318.7885304659499,11.csv
car,2,395,521,127,5.291666666666667,9.0,0.934559221200649,0.7237795275590552,1.832,2.8814,3.313,1850.6062992125985,1320.0708661417323,11.csv
motor,3,168,274,107,4.458333333333333,2.23606797749979,0.4844290657439446,0.7821028037383176,1.956,3.1184,2.237,1019.6822429906542,1450.018691588785,114.csv
car,2,973,1881,909,37.875,5.0,14.304076356196026,0.6316369636963697,1.993,2.3482000000000003,3.415,359.11771177117714,24.205720572057206,119.csv
car,2,11,193,183,7.625,5.0,3.8844534765568297,0.5953114754098361,1.877,1.6413999999999997,2.343,2640.158469945355,1261.3060109289618,12.csv
car,2,214,504,291,12.125,3.1622776601683795,1.1346109376806568,0.4897697594501719,1.875,2.2021,3.269,2642.041237113402,1259.4192439862543,12.csv
motor,3,279,411,133,5.541666666666667,2.0,0.5951557093425606,1.0265714285714285,1.922,3.7871,2.255,447.29323308270676,447.63157894736844,123.csv
motor,3,433,507,75,3.125,6.324555320336759,0.25,1.01128,1.887,1.9297,2.046,451.8,451.16,123.csv
motor,3,584,703,120,5.0,3.605551275463989,0.6987755102040816,0.8867499999999999,1.967,1.3766,2.647,457.775,448.44166666666666,123.csv
motor,3,913,1021,109,4.541666666666667,5.830951894845301,0.9230769230769232,0.9901926605504587,1.977,2.0593999999999997,2.976,453.8256880733945,455.54128440366975,123.csv
motor,3,1042,1212,171,7.125,7.0710678118654755,1.7098765432098764,0.8785029239766081,1.983,2.229,2.397,450.093567251462,454.2456140350877,123.csv
motor,3,1218,1412,195,8.125,5.830951894845301,3.618832050701675,0.8456205128205128,1.949,1.9605000000000001,2.519,451.93333333333334,449.1589743589744,123.csv
motor,3,1422,1713,292,12.166666666666666,11.704699910719626,6.8701171875,0.984736301369863,1.956,2.1841999999999997,2.634,447.92808219178085,446.0342465753425,123.csv
car,2,3,449,447,18.625,22.0,28.026540235512382,0.6207337807606265,1.929,1.562,2.591,1842.2326621923937,1411.089485458613,13.csv
motor,3,613,762,150,6.25,3.605551275463989,0.990304709141274,0.8536133333333333,1.966,2.1144,3.159,513.0733333333334,462.22,133.csv
motor,3,778,849,72,3.0,6.082762530298219,0.5208333333333334,0.9179861111111111,1.866,2.4763,2.747,511.72222222222223,461.0138888888889,133.csv
motor,3,923,1082,160,6.666666666666667,12.0,29.45710059171598,0.92473125,1.985,2.7399,2.402,507.5,467.74375,133.csv
motor,3,1099,1194,96,4.0,2.0,0.19576333089846604,0.7523229166666666,1.997,1.9364999999999999,2.843,497.7916666666667,465.15625,133.csv
motor,3,1208,1287,80,3.3333333333333335,4.47213595499958,0.29916897506925216,0.9436375,1.852,2.2539000000000002,3.439,497.1375,465.275,133.csv
motor,3,1432,1523,92,3.8333333333333335,3.1622776601683795,0.16,1.1265760869565218,1.948,2.9770999999999996,2.11,509.6847826086956,460.2826086956522,133.csv
car,2,450,609,160,6.666666666666667,3.1622776601683795,3.641944444444444,0.8109124999999999,1.881,3.7425999999999995,2.571,3257.6875,1261.80625,137.csv
car,2,636,730,95,3.9583333333333335,8.06225774829855,3.395555555555555,0.7905263157894736,1.817,2.1351000000000004,2.279,3239.5263157894738,1261.7052631578947,137.csv
van,8,1,183,183,7.625,13.0,2.60140306122449,0.7529945355191257,1.952,0.0,2.706,1441.6830601092897,1282.1967213114754,14.csv
van,8,232,470,239,9.958333333333334,11.704699910719626,1.3155737704918031,0.5687405857740587,1.993,2.4478,3.927,1398.5188284518829,1285.4979079497907,14.csv
motor,3,237,344,108,4.5,1.0,0.299168975069252,0.9140462962962963,1.873,2.2043999999999997,3.006,1018.5,1550.1759259259259,142.csv
car,2,33,389,357,14.875,8.602325267042627,4.353566886345242,0.7864957983193277,1.894,1.9195000000000004,2.204,236.40616246498598,422.4257703081233,15.csv
car,2,468,550,83,3.4583333333333335,3.1622776601683795,1.003460207612457,0.8946746987951808,1.931,1.4490000000000003,2.489,241.48192771084337,431.0843373493976,15.csv
car,2,557,846,290,12.083333333333334,1.0,5.541100467810203,0.8519448275862069,1.958,1.9967,2.043,244.08965517241379,428.9862068965517,15.csv
car,2,848,1162,315,13.125,7.615773105863909,6.118912894375858,0.7877809523809524,1.941,1.5848,2.526,240.48253968253968,434.2063492063492,15.csv
car,2,1176,1509,334,13.916666666666666,7.211102550927978,10.914559999999998,0.7442005988023951,1.952,2.1927,2.01,240.69161676646706,428.25748502994014,15.csv
car,2,1511,1797,287,11.958333333333334,10.63014581273465,0.9265819361817201,0.7542961672473868,1.873,1.416,2.847,232.4006968641115,423.05923344947735,15.csv
tricycle,6,1362,1453,92,3.8333333333333335,11.180339887498949,13.648,0.9774802448619674,1.9984040561622447,2.1219009360374406,3.834,3263.3695652173915,847.9130434782609,151.csv
tricycle,6,1464,1551,88,3.6666666666666665,2.0,0.5287460389316432,0.5544431818181818,1.962,2.3684000000000003,2.131,3273.3863636363635,846.1704545454545,151.csv
tricycle,6,1553,1869,317,13.208333333333334,1.0,0.7275916704391124,0.8638170347003155,1.979,1.4677,2.254,3273.006309148265,844.6719242902208,151.csv
tricycle,6,1981,2067,87,3.625,1.0,0.33606265574937694,0.5471379310344829,1.896,2.2586000000000004,2.718,3273.206896551724,844.8735632183908,151.csv
tricycle,6,2076,2186,111,4.625,3.0,2.331371661385243,0.7389729729729728,1.946,2.2332,2.349,3275.072072072072,845.1711711711712,151.csv
tricycle,6,2201,2568,368,15.333333333333334,8.94427190999916,27.11059591836734,0.5384374999999999,1.971,2.1312,3.117,3265.5434782608695,847.7038043478261,151.csv
tricycle,6,2570,2949,380,15.833333333333334,3.1622776601683795,29.875869688554452,0.11077236842105259,1.513,0.3237629508196721,3.558,3265.178947368421,848.2763157894736,151.csv
tricycle,6,2965,3251,287,11.958333333333334,8.06225774829855,6.377919550173011,0.5647595818815332,1.885,1.6784,2.056,3293.5993031358885,855.787456445993,151.csv
tricycle,6,3253,3355,103,4.291666666666667,5.0,1.1654526534859522,0.8811553398058253,1.958,1.408,3.024,3296.4466019417478,853.6796116504854,151.csv
tricycle,6,3375,3651,277,11.541666666666666,3.605551275463989,2.955526365171702,0.794985559566787,1.987,2.4605,2.262,3294.104693140794,853.6137184115523,151.csv
tricycle,6,3752,3942,191,7.958333333333333,2.0,2.218311111111111,0.6664816753926701,1.994,2.287,2.069,3293.7277486910994,853.3455497382199,151.csv
tricycle,6,3944,4260,317,13.208333333333334,3.605551275463989,157.33589319470698,0.8009826498422714,1.996,1.3679,2.212,3292.056782334385,854.7791798107255,151.csv
tricycle,6,4271,4604,334,13.916666666666666,5.830951894845301,7.560997732426305,0.7602574850299401,1.942,1.9911,2.072,3290.9580838323354,851.3592814371258,151.csv
tricycle,6,4606,4684,79,3.2916666666666665,3.0,0.40972222222222215,1.0853291139240506,1.953,1.6497999999999997,2.624,3297.3924050632913,851.1012658227849,151.csv
tricycle,6,4703,5040,338,14.083333333333334,18.0,455.9980603811773,0.6848772189349112,1.915,2.3587,2.035,3293.103550295858,851.3284023668639,151.csv
tricycle,6,5044,5128,85,3.5416666666666665,4.123105625617661,0.0763888888888889,1.033305882352941,1.887,1.7232999999999996,2.341,3319.858823529412,850.2941176470588,151.csv
tricycle,6,5136,5244,109,4.541666666666667,4.123105625617661,1.04,0.8539908256880736,1.97,2.0301,2.087,3323.238532110092,852.559633027523,151.csv
tricycle,6,5380,5619,240,10.0,8.246211251235321,3.625223081499108,0.9503416666666666,1.863,1.8694000000000002,2.243,3316.133333333333,850.4375,151.csv
tricycle,6,5623,5905,283,11.791666666666666,9.219544457292887,653.1702336708105,0.5802137809187279,1.904,1.6379000000000001,3.127,3300.1166077738517,847.2367491166078,151.csv
tricycle,6,5908,6850,943,39.291666666666664,10.816653826391969,132.87314729661878,0.12193001060445384,1.694,0.6386435897435897,2.586,3270.6998939554614,847.4167550371155,151.csv
tricycle,6,6938,7023,86,3.5833333333333335,4.0,0.782222222222222,0.9969186046511627,1.978,1.9262000000000001,2.214,3308.0232558139537,854.0930232558139,151.csv
tricycle,6,7117,7482,366,15.25,8.0,8.536419753086417,0.7911912568306011,1.98,2.4309,3.826,3302.346994535519,847.3825136612022,151.csv
tricycle,6,7595,7747,153,6.375,3.1622776601683795,1.4375,1.0842091503267974,1.992,2.4823,2.055,3312.9411764705883,848.7908496732026,151.csv
tricycle,6,7749,7964,216,9.0,5.0,132.39224852071007,0.5580486111111109,1.889,1.7057000000000002,3.047,3278.162037037037,848.675925925926,151.csv
tricycle,6,8153,8239,87,3.625,5.656854249492381,0.49572649572649574,0.8093333333333333,1.909,2.1092,2.663,3305.5287356321837,851.6781609195402,151.csv
tricycle,6,8248,8451,204,8.5,10.198039027185569,0.8166089965397924,1.0327083333333333,1.994,2.2159999999999997,2.558,3307.156862745098,850.9803921568628,151.csv
tricycle,6,8471,8631,161,6.708333333333333,9.219544457292887,3.165980795610426,0.9531677018633541,1.864,1.8689,2.155,3313.88198757764,848.2732919254659,151.csv
tricycle,6,8634,8852,219,9.125,2.23606797749979,2.1319444444444446,0.820986301369863,1.985,1.7419999999999998,2.336,3316.018264840183,854.4429223744293,151.csv
tricycle,6,8884,9021,138,5.75,13.038404810405298,0.0,1.1255289855072463,1.928,1.5582,0.0,3311.5434782608695,844.8768115942029,151.csv
car,2,6,352,347,14.458333333333334,6.4031242374328485,3.1271836734693883,0.5757262247838616,1.945,1.5116,2.239,330.60806916426515,526.9394812680115,16.csv
car,2,355,678,324,13.5,11.0,17.134072844789937,0.7914351851851852,1.941,1.7133000000000003,2.074,334.7901234567901,533.1203703703703,16.csv
car,2,780,929,150,6.25,8.06225774829855,2.609375,1.0911133333333334,1.928,2.035,2.23,335.88,532.6333333333333,16.csv
car,2,933,1142,210,8.75,4.123105625617661,2.5636917160711428,0.8028809523809525,1.989,1.3759000000000001,2.103,333.1190476190476,539.3428571428572,16.csv
car,2,1144,1587,444,18.5,10.770329614269007,14.895500459136823,0.6547004504504504,1.927,1.7455000000000003,2.034,332.27702702702703,531.6531531531532,16.csv
car,2,1589,1744,156,6.5,8.246211251235321,0.7128099173553718,0.8543525641025641,1.921,1.0933,3.076,324.5192307692308,526.8782051282051,16.csv
motor,3,1093,1285,193,8.041666666666666,4.0,7.729029836742354,0.7258445595854923,1.984,1.2945,3.233,1596.4455958549222,643.0777202072538,166.csv
motor,3,1299,1474,176,7.333333333333333,3.0,0.47750000000000004,0.823034090909091,1.959,2.7911,2.991,1598.5568181818182,640.6136363636364,166.csv
motor,3,1559,1642,84,3.5,3.0,0.2965668371073776,0.707095238095238,1.993,1.9606000000000001,2.387,1594.7380952380952,637.6071428571429,166.csv
motor,3,1650,1798,149,6.208333333333333,2.23606797749979,0.6875,1.0933892617449663,1.953,1.9688000000000003,2.416,1595.523489932886,635.496644295302,166.csv
motor,3,2053,2151,99,4.125,3.1622776601683795,2.603203754718906,1.2833636363636363,1.997,2.1521999999999997,2.392,1590.878787878788,651.7373737373738,166.csv
motor,3,2236,2315,80,3.3333333333333335,23.600847442411894,0.271604938271605,1.0295999999999998,1.919,1.982,2.204,1602.125,634.175,166.csv
motor,3,2319,2691,373,15.541666666666666,1.4142135623730951,2.343490304709141,0.9043914209115282,1.99,1.8578999999999997,2.351,1605.1849865951742,634.5790884718499,166.csv
motor,3,2699,2930,232,9.666666666666666,8.06225774829855,2.3601108033241,1.0195344827586206,1.986,2.0726999999999998,2.165,1605.4094827586207,635.1120689655172,166.csv
motor,3,4446,5744,1299,54.125,27.0,9.332695857988165,0.9994069810620128,1.9988139621240253,2.007283512810992,8.615,1596.2140107775213,656.0461893764434,166.csv
car,2,5,111,107,4.458333333333333,8.06225774829855,1.6647443291041903,0.673252336448598,1.825,1.68675,2.554,435.4392523364486,102.34579439252336,17.csv
car,2,120,303,184,7.666666666666667,1.4142135623730951,1.2809903047091413,0.6271684782608695,1.97,2.1872999999999996,2.057,433.14130434782606,103.18478260869566,17.csv
car,2,317,845,529,22.041666666666668,6.708203932499369,17.009923696844993,0.6739432892249527,1.995,1.8694999999999997,2.403,437.710775047259,108.89224952741021,17.csv
car,2,879,1002,124,5.166666666666667,10.04987562112089,1.5581729388106866,0.7004274193548387,1.969,2.04,2.379,437.1532258064516,113.08064516129032,17.csv
car,2,1013,1158,146,6.083333333333333,3.605551275463989,1.251147842056933,0.7216575342465753,1.959,2.0774999999999997,2.107,434.1986301369863,115.33561643835617,17.csv
car,2,1181,1825,645,26.875,4.123105625617661,26.202244888117285,0.6412542635658915,1.992,1.4199,2.95,433.8077519379845,107.17209302325581,17.csv
tricycle,6,1578,1923,346,14.416666666666666,14.317821063276353,2.75512396694215,0.7640722543352602,1.979,3.0764000000000005,3.27,2604.7976878612717,782.9768786127167,172.csv
car,2,10,132,123,5.125,2.23606797749979,1.137618832050701,0.3521788617886178,1.858,0.4222222222222222,2.243,2372.959349593496,1462.178861788618,18.csv
car,2,148,472,325,13.541666666666666,9.0,0.5218100465075273,0.42493538461538455,1.996,2.0703,2.119,2373.9753846153844,1459.7138461538461,18.csv
motor,3,2107,2246,140,5.833333333333333,24.08318915758459,33.69064349112426,0.4218607142857142,1.808,2.8285,12.495,1790.0071428571428,727.8357142857143,194.csv
motor,3,3927,5221,1295,53.958333333333336,32.0624390837628,12.806099213368963,0.9970071728338811,1.9986444099378884,2.0071591614906836,3.623,1756.1042471042472,402.992277992278,194.csv
motor,3,5351,5433,83,3.4583333333333335,1.4142135623730951,0.4938271604938272,0.8428554216867469,1.966,2.3654,2.637,1787.4939759036145,400.4578313253012,194.csv
motor,3,5459,5632,174,7.25,3.605551275463989,3.3289256198347106,0.8076666666666666,1.905,2.5802,2.208,1783.5,399.1666666666667,194.csv
motor,3,5663,6206,544,22.666666666666668,11.661903789690601,13.934443288241415,0.8473676470588235,1.977,1.318,2.473,1779.233455882353,398.33639705882354,194.csv
motor,3,6238,6347,110,4.583333333333333,5.830951894845301,0.923783287419651,0.9094181818181817,1.93,2.2111000000000005,2.244,1786.209090909091,400.6727272727273,194.csv
motor,3,6385,6472,88,3.6666666666666665,8.0,0.8641975308641976,0.9704886363636365,1.887,2.1609000000000003,3.363,1783.9204545454545,394.75,194.csv
motor,3,6558,6681,124,5.166666666666667,7.211102550927978,3.5654296875,0.9609758064516131,1.888,2.3099,2.667,1786.6451612903227,400.5967741935484,194.csv
motor,3,6908,6992,85,3.5416666666666665,7.0,0.35939643347050754,0.7954235294117646,1.827,2.2526,2.071,1783.764705882353,403.8,194.csv
motor,3,6996,7142,147,6.125,9.219544457292887,7.757785467128028,1.1609659863945576,1.995,1.5311,2.617,1778.6462585034014,400.42857142857144,194.csv
motor,3,7163,7258,96,4.0,4.123105625617661,4.580498866213151,0.8364895833333333,1.972,1.8305,2.037,1773.4270833333333,398.3125,194.csv
motor,3,7262,7397,136,5.666666666666667,3.1622776601683795,0.13888888888888887,1.0533235294117649,1.927,1.6285,2.643,1768.6323529411766,400.3529411764706,194.csv
motor,3,7414,7551,138,5.75,4.47213595499958,1.3877551020408163,0.9958695652173913,1.875,2.3876,2.168,1768.7101449275362,399.82608695652175,194.csv
motor,3,7554,7757,204,8.5,1.4142135623730951,1.3241505968778697,1.0532205882352943,1.998,1.5253999999999999,2.063,1769.5539215686274,394.3578431372549,194.csv
motor,3,7759,7889,131,5.458333333333333,4.242640687119285,1.4979338842975207,0.8800076335877863,1.948,1.7465,2.259,1768.8015267175572,399.6793893129771,194.csv
motor,3,7907,8028,122,5.083333333333333,3.605551275463989,2.0927734375,0.9584754098360656,1.975,1.4473,2.561,1769.27868852459,401.4590163934426,194.csv
motor,3,8493,8636,144,6.0,5.830951894845301,0.4660664819944598,0.8890763888888888,1.899,1.7279,3.222,1769.0972222222222,400.69444444444446,194.csv
motor,3,15,209,195,8.125,8.94427190999916,3.709066607262196,0.690948717948718,1.835,0.43739999999999996,2.156,401.4871794871795,519.8410256410257,195.csv
motor,3,213,315,103,4.291666666666667,5.0990195135927845,0.23068707725169096,0.7020582524271844,1.997,1.5577999999999999,3.593,397.0,522.1553398058253,195.csv
motor,3,1101,1230,130,5.416666666666667,2.23606797749979,2.894400000000001,0.7692615384615384,1.982,3.0641000000000003,3.15,396.8615384615385,530.2307692307693,195.csv
car,2,26,410,385,16.041666666666668,25.179356624028344,4.644236040410369,0.5147116883116882,1.95,2.634,3.216,2241.5376623376624,1265.3662337662338,2.csv
motor,3,2348,2422,75,3.125,3.0,0.631578947368421,0.9271999999999999,1.872,3.0993999999999997,2.025,952.5066666666667,1473.4266666666667,208.csv
motor,3,2465,2645,181,7.541666666666667,3.1622776601683795,1.4922145328719725,0.9234861878453039,1.977,1.9828,2.197,951.3425414364641,1471.7127071823204,208.csv
motor,3,2649,2732,84,3.5,1.0,0.23111111111111113,0.9323333333333333,1.951,1.6776,2.229,949.3333333333334,1471.357142857143,208.csv
motor,3,2739,3305,567,23.625,10.198039027185569,18.212892561983477,0.5826014109347444,1.876,1.9207,2.478,956.8941798941798,1470.4126984126983,208.csv
motor,3,3313,4517,1205,50.208333333333336,2.23606797749979,8.511961877383472,0.7285319502074689,1.954,1.9914,2.027,956.4763485477179,1469.007468879668,208.csv
motor,3,4521,4681,161,6.708333333333333,3.605551275463989,0.5720237141483736,0.5608136645962732,1.894,1.6920000000000002,2.237,959.3105590062112,1472.3167701863354,208.csv
motor,3,4694,5153,460,19.166666666666668,16.0312195418814,16.42507975229874,0.7942021739130434,1.938,1.8814,2.855,966.5739130434782,1472.658695652174,208.csv
car,2,4,322,319,13.291666666666666,4.0,6.266031778893432,0.6297899686520377,1.879,1.0336666666666667,2.296,2833.2789968652037,1249.17868338558,21.csv
car,2,334,443,110,4.583333333333333,2.23606797749979,0.5797222222222222,0.5656181818181819,1.935,1.9611,2.103,2833.690909090909,1248.0272727272727,21.csv
car,2,445,645,201,8.375,3.0,2.810857889388881,0.712910447761194,1.951,1.6696000000000002,2.827,2837.6915422885572,1247.3731343283582,21.csv
motor,3,2389,2526,138,5.75,1.4142135623730951,0.25795918367346937,0.9369492753623189,1.891,1.7008000000000003,2.369,961.572463768116,1420.268115942029,212.csv
motor,3,2535,2649,115,4.791666666666667,2.8284271247461903,0.4775086505190312,0.9100869565217391,1.966,2.0563000000000002,2.025,959.7739130434783,1419.6869565217391,212.csv
motor,3,2651,2755,105,4.375,5.830951894845301,0.0,1.1458857142857142,1.873,1.3237,6.671,960.0666666666667,1421.752380952381,212.csv
motor,3,2782,3299,518,21.583333333333332,7.0710678118654755,23.00128027681661,0.7422374517374517,1.879,3.3163000000000005,2.15,966.5694980694981,1418.492277992278,212.csv
motor,3,3302,3375,74,3.0833333333333335,2.0,0.5,0.9570945945945947,1.968,1.7068999999999999,4.08,967.8648648648649,1418.0,212.csv
motor,3,3402,3489,88,3.6666666666666665,2.23606797749979,0.09876543209876543,1.055590909090909,1.984,3.2524,2.442,967.0340909090909,1420.5113636363637,212.csv
motor,3,3665,3825,161,6.708333333333333,10.0,3.9094229364499635,1.0085093167701864,1.835,2.1475999999999997,3.319,967.0869565217391,1413.807453416149,212.csv
motor,3,3845,3932,88,3.6666666666666665,1.4142135623730951,0.09888888888888887,0.8118636363636362,1.844,1.402,2.019,969.0568181818181,1421.1704545454545,212.csv
motor,3,4062,4407,346,14.416666666666666,1.0,1.9528352593388876,0.7362023121387283,1.989,2.7257,2.129,965.1589595375723,1419.849710982659,212.csv
motor,3,4409,4512,104,4.333333333333333,5.385164807134504,0.3340878225441378,0.6889903846153846,1.968,1.3127999999999997,2.447,966.0096153846154,1419.5384615384614,212.csv
motor,3,4536,5046,511,21.291666666666668,12.0,19.560322156476,0.9135127201565558,1.981,1.9667000000000001,2.112,973.6438356164383,1421.5714285714287,212.csv
motor,3,5048,5205,158,6.583333333333333,6.0,1.7551020408163265,0.970613924050633,1.942,1.6009,2.03,981.9746835443038,1421.0253164556962,212.csv
tricycle,6,2762,3078,317,13.208333333333334,5.385164807134504,0.40609375000000003,0.9991273486430063,1.9982546972860125,2.0330344467640917,4.393,867.0157728706624,1527.98738170347,214.csv
tricycle,6,3108,3370,263,10.958333333333334,2.0,4.777063564942354,0.6598745247148289,1.941,2.1477000000000004,6.904,868.1368821292775,1527.4752851711028,214.csv
tricycle,6,3391,3481,91,3.7916666666666665,4.47213595499958,0.22959183673469394,1.0167252747252749,1.936,2.0288,2.183,868.7472527472528,1522.010989010989,214.csv
tricycle,6,3493,4789,1297,54.041666666666664,11.045361017187261,0.650792899408284,0.9989133629461374,1.9993682588597843,1.9241368258859786,6.875,867.0161912104858,1528.000771010023,214.csv
motor,3,2597,2697,101,4.208333333333333,3.1622776601683795,0.7951020408163266,0.7203069306930694,1.936,3.3900000000000006,2.247,1443.4158415841584,764.8811881188119,218.csv
motor,3,2701,2853,153,6.375,5.0990195135927845,0.5882352941176472,0.9879934640522876,1.944,1.6303999999999998,2.15,1443.921568627451,764.8496732026143,218.csv
motor,3,2860,3188,329,13.708333333333334,9.055385138137417,12.408765522279033,0.5499452887537993,1.974,1.8752999999999997,2.66,1450.790273556231,766.5592705167173,218.csv
motor,3,3224,3309,86,3.5833333333333335,5.0,0.27169421487603307,0.7391395348837209,1.938,2.5804,2.708,1454.8139534883721,766.2093023255813,218.csv
tricycle,6,2570,2807,238,9.916666666666666,5.656854249492381,3.741319444444445,1.180344537815126,1.97,2.5769,2.171,974.2521008403361,1325.4747899159663,223.csv
tricycle,6,2810,2951,142,5.916666666666667,4.0,0.25960219478738,0.7123591549295775,1.988,1.8638,2.024,977.4577464788732,1325.2605633802816,223.csv
tricycle,6,2953,3180,228,9.5,7.280109889280518,9.041088651076757,0.730938596491228,1.922,1.5672000000000001,2.318,981.9473684210526,1325.5657894736842,223.csv
tricycle,6,3221,3310,90,3.75,0.0,0.8,1.0499666666666667,1.973,1.5566,2.49,983.7111111111111,1323.1333333333334,223.csv
tricycle,6,3326,3424,99,4.125,2.8284271247461903,1.0310650887573964,0.791141414141414,1.912,2.3349,2.449,980.8585858585859,1323.3636363636363,223.csv
tricycle,6,3430,3652,223,9.291666666666666,10.198039027185569,2.5250997689561023,0.7604977578475337,1.948,1.8624000000000003,2.943,979.7354260089686,1321.8923766816145,223.csv
tricycle,6,3678,3790,113,4.708333333333333,3.605551275463989,0.37734277384423154,0.6433893805309735,1.928,2.2051000000000003,2.072,982.3982300884956,1319.274336283186,223.csv
tricycle,6,3794,4032,239,9.958333333333334,6.324555320336759,0.618896484375,0.6388242677824267,1.936,1.5612,2.168,982.0,1321.4058577405858,223.csv
tricycle,6,4036,4130,95,3.9583333333333335,1.4142135623730951,0.27350427350427353,0.699663157894737,1.953,1.7003999999999997,2.242,978.2315789473685,1322.2947368421053,223.csv
tricycle,6,4133,4353,221,9.208333333333334,4.242640687119285,0.8440743944636677,0.7496923076923078,1.937,1.6485999999999996,2.243,977.4434389140272,1324.8235294117646,223.csv
tricycle,6,4359,4652,294,12.25,10.04987562112089,3.7719754253308126,0.7916700680272108,1.908,1.8540999999999996,2.304,979.8469387755102,1325.6972789115646,223.csv
tricycle,6,4660,4757,98,4.083333333333333,2.8284271247461903,0.18525519848771263,0.9383673469387755,1.971,1.9622,2.004,981.3877551020408,1327.1020408163265,223.csv
tricycle,6,4759,4886,128,5.333333333333333,10.04987562112089,1.5325788751714682,0.7051562499999999,1.924,1.383,2.252,988.578125,1327.9609375,223.csv
tricycle,6,5125,5271,147,6.125,8.54400374531753,2.1712247324613556,0.9901904761904762,1.932,2.448,2.6,998.7619047619048,1326.734693877551,223.csv
motor,3,2880,3077,198,8.25,7.211102550927978,11.207100591715978,1.223242424242424,1.999,4.130199999999999,2.442,967.0656565656566,1531.7929292929293,248.csv
motor,3,3091,3172,82,3.4166666666666665,0.0,2.777777777777778,1.109231707317073,1.964,2.2967,2.079,969.7926829268292,1529.6707317073171,248.csv
motor,3,3506,3674,169,7.041666666666667,5.0,2.9496166100626735,1.2313727810650887,1.952,2.3148000000000004,3.062,967.9704142011834,1527.8816568047337,248.csv
motor,3,3692,3973,282,11.75,5.0990195135927845,0.4408039512934618,0.5846241134751774,1.889,2.494,2.759,969.0851063829788,1522.5035460992908,248.csv
motor,3,4139,4283,145,6.041666666666667,2.23606797749979,0.6331360946745561,0.988903448275862,1.9,2.0140000000000002,2.232,967.3862068965517,1528.7172413793103,248.csv
motor,3,4322,4455,134,5.583333333333333,1.4142135623730951,0.8977777777777779,1.044955223880597,1.887,1.7135000000000002,2.225,966.1343283582089,1530.3507462686566,248.csv
motor,3,4699,4773,75,3.125,3.605551275463989,0.8520710059171598,0.8669866666666669,1.989,2.5004000000000004,2.689,972.3333333333334,1532.3066666666666,248.csv
motor,3,4783,4957,175,7.291666666666667,4.123105625617661,1.6643749999999997,0.8566285714285713,1.991,2.337,2.134,978.4685714285714,1531.7942857142857,248.csv
motor,3,4959,5179,221,9.208333333333334,13.0,0.9529085872576176,1.145135746606335,1.965,1.7109999999999999,2.491,984.9819004524887,1529.6696832579185,248.csv
car,2,2820,3187,368,15.333333333333334,10.04987562112089,10.400414313876174,0.5720760869565218,1.999,3.1626,2.31,1119.6114130434783,1390.3641304347825,256.csv
car,2,3193,3324,132,5.5,2.0,0.6557445914723798,0.54725,1.978,1.9513999999999996,2.401,1124.159090909091,1390.0378787878788,256.csv
car,2,3330,4696,1367,56.958333333333336,3.1622776601683795,7.871698113207547,0.5110512070226774,1.894,1.9941999999999998,2.187,1121.3518653986832,1389.2779809802487,256.csv
car,2,4759,4911,153,6.375,6.324555320336759,2.2275555555555555,0.670516339869281,1.88,1.9340999999999997,2.036,1129.5882352941176,1393.1176470588234,256.csv
car,2,4913,5288,376,15.666666666666666,7.280109889280518,8.335599922839505,0.6486436170212766,1.876,1.5871,3.432,1136.6196808510638,1392.4893617021276,256.csv
motor,3,3363,3449,87,3.625,4.0,0.6944444444444443,1.0816436781609196,1.947,2.6580000000000004,2.472,1055.4597701149426,1489.8275862068965,260.csv
motor,3,3577,3669,93,3.875,2.23606797749979,0.109375,1.0458924731182795,1.968,2.6382,4.301,1059.0,1486.6021505376343,260.csv
motor,3,3803,3891,89,3.7083333333333335,3.1622776601683795,0.5398335315101069,0.7047078651685392,1.823,2.1397000000000004,2.605,1060.5280898876404,1488.9101123595506,260.csv
motor,3,4029,4117,89,3.7083333333333335,6.082762530298219,3.502840550435551,1.356932584269663,1.876,2.3933999999999997,2.846,1059.4943820224719,1492.7752808988764,260.csv
motor,3,4143,4234,92,3.8333333333333335,1.0,1.25,1.2838913043478264,1.878,2.6593000000000004,2.005,1055.6195652173913,1491.358695652174,260.csv
motor,3,4340,4516,177,7.375,7.615773105863909,1.700312174817898,0.8558248587570622,1.99,1.9695,2.577,1056.7514124293784,1490.9943502824858,260.csv
motor,3,4536,4798,263,10.958333333333334,6.708203932499369,2.586801426872771,0.9333422053231939,1.961,2.2112,2.601,1062.3536121673003,1494.787072243346,260.csv
motor,3,4852,5133,282,11.75,5.830951894845301,2.765239197530864,0.756081560283688,1.942,1.8689,2.203,1070.4822695035461,1492.72695035461,260.csv
motor,3,5141,5233,93,3.875,3.1622776601683795,0.49149338374291107,0.9640430107526881,1.862,1.8593,2.454,1075.247311827957,1492.6559139784947,260.csv
motor,3,3254,3326,73,3.0416666666666665,14.212670403551895,4.481994459833794,0.9875675675675674,1.975135135135135,2.1260135135135134,6.22,920.3287671232877,1278.9315068493152,266.csv
motor,3,3552,3931,380,15.833333333333334,9.055385138137417,12.139062273189143,0.9805065789473684,1.98,3.0158,2.059,912.7184210526316,1282.6236842105263,266.csv
motor,3,4203,4314,112,4.666666666666667,2.23606797749979,0.037721893491124266,0.691580357142857,1.884,1.5693000000000001,2.038,914.4732142857143,1289.0625,266.csv
motor,3,4316,4428,113,4.708333333333333,1.0,0.19111111111111106,0.8840176991150441,1.945,1.6436,2.638,911.6637168141593,1288.4336283185842,266.csv
motor,3,4443,4520,78,3.25,2.23606797749979,0.3760330578512398,0.7806666666666667,1.9,2.3116,2.069,914.8333333333334,1289.3461538461538,266.csv
motor,3,4530,4654,125,5.208333333333333,3.1622776601683795,0.2040816326530612,1.2642160000000002,1.969,1.9495999999999998,2.449,918.952,1287.232,266.csv
motor,3,4660,4754,95,3.9583333333333335,3.605551275463989,0.2644628099173554,1.2233473684210527,1.997,1.9078000000000004,2.503,918.5263157894736,1290.0842105263157,266.csv
motor,3,4778,4850,73,3.0416666666666665,2.23606797749979,4.136235691499342,1.0544931506849313,1.998,2.4691,4.546,924.0,1288.972602739726,266.csv
motor,3,3725,3845,121,5.041666666666667,1.0,1.1024000000000003,0.7772975206611569,1.948,1.8377000000000003,2.118,1063.7685950413222,1532.2561983471073,268.csv
motor,3,3847,4028,182,7.583333333333333,0.0,1.4908854166666665,0.9031593406593407,1.972,1.5457,3.911,1064.6593406593406,1532.89010989011,268.csv
motor,3,4215,4303,89,3.7083333333333335,4.123105625617661,0.3305785123966942,0.8182808988764046,1.974,3.0004999999999997,2.282,1065.6516853932585,1534.573033707865,268.csv
motor,3,4347,4505,159,6.625,4.0,1.4931588340273645,0.7723396226415095,1.991,2.2465,2.91,1065.6729559748428,1534.9559748427673,268.csv
motor,3,4633,4730,98,4.083333333333333,2.23606797749979,0.0,1.162561224489796,1.92,1.8760000000000001,2.068,1044.234693877551,1540.1632653061224,268.csv
motor,3,4867,4950,84,3.5,4.0,0.6400000000000001,0.9022142857142857,1.883,2.544,2.557,1052.297619047619,1539.75,268.csv
motor,3,4959,5140,182,7.583333333333333,6.0,0.6783854166666667,1.0383076923076926,1.961,2.1721000000000004,2.937,1054.901098901099,1539.1758241758241,268.csv
car,2,31,152,122,5.083333333333333,2.8284271247461903,0.21530864197530863,0.7311967213114754,1.919,1.7137,2.079,1498.967213114754,1540.827868852459,27.csv
car,2,228,373,146,6.083333333333333,19.1049731745428,1.7173008323424495,0.6377397260273973,1.97,1.9651,2.881,1487.2876712328766,1540.527397260274,27.csv
motor,3,3379,3465,87,3.625,480.1499765698214,1306.1446280991736,0.9891402936378466,1.9782805872756928,2.1047985318107676,48.639,2824.0459770114944,901.4137931034483,271.csv
motor,3,3205,3371,167,6.958333333333333,7.0710678118654755,0.5994809688581315,1.0391736526946107,1.988,2.6456,2.697,1122.748502994012,1327.6586826347304,274.csv
motor,3,3383,3489,107,4.458333333333333,2.0,0.2222222222222222,1.0035046728971961,1.999,2.3558,2.549,1119.2429906542056,1325.5327102803737,274.csv
motor,3,3568,3646,79,3.2916666666666665,2.8284271247461903,0.24,1.1000253164556961,1.999,2.2228,2.014,1120.5696202531647,1326.392405063291,274.csv
motor,3,3662,3781,120,5.0,3.605551275463989,0.2448979591836735,0.9684166666666667,1.973,1.7137,3.461,1120.05,1324.3916666666667,274.csv
motor,3,3803,4434,632,26.333333333333332,4.242640687119285,4.69923990004165,0.765759493670886,1.996,2.8716,2.159,1122.8291139240507,1325.8132911392406,274.csv
motor,3,4453,4582,130,5.416666666666667,5.385164807134504,0.7638888888888888,0.9170153846153848,1.908,2.104,2.217,1124.5615384615385,1326.623076923077,274.csv
motor,3,4660,4796,137,5.708333333333333,4.242640687119285,0.7297668038408778,0.8737080291970801,1.985,2.0793,2.366,1126.0729927007299,1329.5620437956204,274.csv
motor,3,4861,5261,401,16.708333333333332,9.486832980505138,5.262855501292732,0.913643391521197,1.944,1.162,2.5,1138.4788029925187,1328.586034912718,274.csv
motor,3,3329,3547,219,9.125,0.0,3.523051754907793,0.7451826484018265,1.866,1.0293333333333334,2.487,987.1461187214612,1261.0821917808219,275.csv
motor,3,3558,4100,543,22.625,2.23606797749979,1.7306101043062756,0.5688729281767956,1.897,2.2521999999999998,2.056,989.2007366482504,1260.2725598526704,275.csv
motor,3,4104,4279,176,7.333333333333333,5.0990195135927845,4.515976331360947,0.72025,1.918,1.7273,2.067,986.1704545454545,1262.5170454545455,275.csv
motor,3,4281,4505,225,9.375,1.4142135623730951,0.9783842531095278,0.7038755555555555,1.935,1.2964,2.709,984.4933333333333,1263.2844444444445,275.csv
motor,3,4523,4965,443,18.458333333333332,12.36931687685298,15.775082153434216,0.7315259593679458,1.972,2.497,2.036,993.6275395033861,1267.0677200902935,275.csv
motor,3,4967,5201,235,9.791666666666666,6.082762530298219,2.8074067604157573,0.6286851063829788,1.906,1.538,2.078,1002.2127659574468,1263.3702127659574,275.csv
motor,3,5203,5278,76,3.1666666666666665,4.0,0.4128,0.8466447368421053,1.934,1.3827,6.208,1007.75,1266.9736842105262,275.csv
tricycle,6,3542,3628,87,3.625,1.0,0.9269388294358569,1.4058620689655175,1.971,2.05,2.842,1274.8275862068965,1390.367816091954,277.csv
car,2,3302,4720,1419,59.125,2.8284271247461903,3.3962398503814812,0.5537110641296688,1.989,2.5298,2.155,1141.9936575052855,1272.2854122621563,279.csv
car,2,4723,5324,602,25.083333333333332,15.132745950421556,15.014365838910782,0.6988056478405316,1.93,1.5612,2.393,1155.3538205980067,1275.8820598006644,279.csv
motor,3,153,441,289,12.041666666666666,3.605551275463989,1.1303185564713742,0.8583010380622837,1.97,2.0076,2.012,2503.3979238754328,1335.4325259515572,28.csv
car,2,3444,3831,388,16.166666666666668,3.0,1.3977748750056307,0.6750051546391752,1.991,2.8975,2.14,2253.118556701031,778.4252577319587,280.csv
car,2,3833,4107,275,11.458333333333334,3.1622776601683795,0.44970414201183434,0.8464618181818181,1.975,1.5773,2.004,2253.6472727272726,780.5345454545454,280.csv
car,2,3985,4187,203,8.458333333333334,3.605551275463989,1.8942234415485448,0.7223448275862068,1.978,2.3426,2.28,1234.6256157635469,1501.0295566502464,282.csv
car,2,4273,4351,79,3.2916666666666665,3.0,0.2448979591836735,1.063025316455696,1.855,2.0276,2.048,1232.7721518987341,1503.1898734177216,282.csv
car,2,4353,4524,172,7.166666666666667,5.830951894845301,2.2144556811421774,0.6015813953488373,1.88,1.6988999999999996,2.034,1233.5290697674418,1502.6511627906978,282.csv
car,2,4526,4710,185,7.708333333333333,6.082762530298219,1.1599000000000002,0.5968000000000001,1.985,1.3930999999999998,2.268,1238.7837837837837,1504.5945945945946,282.csv
car,2,4879,5004,126,5.25,7.615773105863909,0.46938775510204084,1.0821190476190476,1.895,2.2951,2.401,1247.9603174603174,1504.595238095238,282.csv
car,2,5072,5157,86,3.5833333333333335,6.082762530298219,0.6617647058823529,0.7243023255813953,1.895,1.7999000000000003,2.057,1252.3255813953488,1504.3023255813953,282.csv
van,8,3381,3452,72,3.0,2.23606797749979,1.9043209876543212,0.8114305555555555,1.909,2.772791208791209,2.058,1304.9305555555557,1288.138888888889,283.csv
van,8,3454,3978,525,21.875,3.605551275463989,1.6238646193771622,0.8435199999999999,1.991,1.7079999999999997,2.402,1306.249523809524,1287.5733333333333,283.csv
van,8,3984,4137,154,6.416666666666667,4.123105625617661,3.2612345679012344,0.773474025974026,1.923,2.0342,2.558,1304.7727272727273,1289.448051948052,283.csv
van,8,4159,4347,189,7.875,2.8284271247461903,1.3224698042482297,0.6055449735449736,1.853,2.3164000000000002,2.149,1303.936507936508,1291.6666666666667,283.csv
van,8,4350,4724,375,15.625,4.123105625617661,9.850040311744156,0.9229013333333332,1.968,1.4096,2.142,1306.328,1292.392,283.csv
van,8,4735,4868,134,5.583333333333333,7.0710678118654755,2.896,0.8335074626865673,1.967,1.9041000000000001,2.097,1311.9925373134329,1294.5671641791046,283.csv
van,8,4870,5328,459,19.125,5.385164807134504,13.02864197530864,0.8930261437908495,1.99,1.5407,2.365,1320.5773420479302,1293.124183006536,283.csv
car,2,3387,4140,754,31.416666666666668,8.06225774829855,1.5377182643019651,0.5810941644562334,1.99,2.3457000000000003,2.22,1440.3832891246684,1394.075596816976,285.csv
car,2,4147,4703,557,23.208333333333332,4.47213595499958,5.612571747331954,0.6611400359066427,1.979,1.8609000000000002,2.42,1440.4129263913824,1396.3644524236984,285.csv
car,2,4793,5313,521,21.708333333333332,7.0710678118654755,21.864764424288225,0.8360671785028791,1.996,2.2549,2.377,1454.1247600767754,1397.4069097888676,285.csv
tricycle,6,3350,3471,122,5.083333333333333,2.23606797749979,1.193359375,1.0461065573770494,1.96,2.1505,2.821,845.6967213114754,885.4672131147541,288.csv
tricycle,6,3505,3762,258,10.75,1.4142135623730951,1.992098765432099,0.8310310077519381,1.955,1.8724,2.491,856.4031007751938,894.8410852713179,288.csv
tricycle,6,3805,3884,80,3.3333333333333335,4.242640687119285,1.0617283950617284,0.9917625000000001,1.902,1.6831,2.296,857.75,896.175,288.csv
tricycle,6,3890,4115,226,9.416666666666666,5.0990195135927845,2.494756235827664,0.7445398230088495,1.965,1.9191000000000003,2.347,854.9557522123894,896.5486725663717,288.csv
car,2,3239,5225,1987,82.79166666666667,16.492422502470642,35.83761741307022,0.6181540010065425,1.989,2.9561,2.171,370.1147458480121,478.3925515853045,289.csv
car,2,5286,5377,92,3.8333333333333335,8.54400374531753,3.46875,0.8916847826086957,1.927,1.2666,2.213,381.6630434782609,481.54347826086956,289.csv
car,2,5392,5571,180,7.5,1.0,1.310445580715851,0.8388944444444446,1.93,2.0646,2.199,380.47222222222223,482.7055555555556,289.csv
car,2,5575,5816,242,10.083333333333334,7.280109889280518,2.978395061728395,0.9992933884297521,1.993,1.6850999999999998,2.593,369.61570247933884,481.06198347107437,289.csv
car,2,5829,6326,498,20.75,7.211102550927978,20.522537517785715,0.712164658634538,1.922,2.4023,2.265,377.0160642570281,487.77710843373495,289.csv
car,2,6335,6507,173,7.208333333333333,9.055385138137417,3.540166204986149,0.9612023121387284,1.972,1.9903999999999997,3.413,374.7630057803468,484.64161849710985,289.csv
motor,3,38,126,89,3.7083333333333335,1.0,0.7681660899653978,0.8619550561797754,1.718,1.5625,2.158,1067.2921348314608,1288.314606741573,29.csv
motor,3,129,280,152,6.333333333333333,6.4031242374328485,2.5306122448979598,0.9672302631578947,1.989,1.5899999999999999,3.108,1068.2434210526317,1284.6381578947369,29.csv
car,2,3442,4100,659,27.458333333333332,2.23606797749979,1.6680612439629479,0.6694355083459786,1.982,3.7002,2.098,1449.6100151745068,1275.4036418816388,292.csv
car,2,4110,4322,213,8.875,1.4142135623730951,0.917454316320101,0.7143849765258217,1.923,1.9258999999999997,2.089,1446.924882629108,1278.206572769953,292.csv
car,2,4326,4469,144,6.0,3.605551275463989,1.4077467721782593,0.7555763888888889,1.937,1.7193,2.08,1446.2847222222222,1277.888888888889,292.csv
car,2,4471,4819,349,14.541666666666666,8.94427190999916,0.9388294358567846,0.8735386819484241,1.967,1.1805999999999999,2.046,1451.487106017192,1279.5730659025787,292.csv
car,2,4823,5207,385,16.041666666666668,10.04987562112089,5.899643132716049,0.7396857142857143,1.915,1.8400000000000003,2.606,1461.4103896103895,1278.8,292.csv
car,2,5222,5364,143,5.958333333333333,15.132745950421556,6.443786982248522,0.8491468531468531,1.932,2.3026,3.558,1466.2937062937062,1280.958041958042,292.csv
car,2,3473,4013,541,22.541666666666668,1.4142135623730951,1.3812915479582148,0.6505859519408502,1.931,2.9502999999999995,2.533,1418.3918669131237,1496.120147874307,298.csv
car,2,4023,4265,243,10.125,1.4142135623730951,0.979062599638644,0.6717860082304528,1.989,2.2270000000000003,2.602,1416.4938271604938,1498.5390946502057,298.csv
car,2,4272,5320,1049,43.708333333333336,14.560219778561036,40.2270762182424,0.6219018112488084,1.949,1.9789,2.897,1425.2974261201143,1501.0266920877025,298.csv
tricycle,6,4354,4573,220,9.166666666666666,14.866068747318506,28.75527777777778,0.9215817214700197,1.994212765957448,2.059499493414388,2.053,1570.8136363636363,1333.9409090909091,299.csv
tricycle,6,4575,4850,276,11.5,6.324555320336759,5.805936251859974,0.6868550724637681,1.991,1.3417000000000001,2.345,1582.1630434782608,1338.3695652173913,299.csv
tricycle,6,4862,5359,498,20.75,4.0,17.634776701323254,0.6389759036144579,1.895,1.9606000000000001,3.496,1593.6626506024097,1338.5883534136547,299.csv
car,2,4,728,725,30.208333333333332,9.433981132056603,12.828500713009559,0.7181627586206897,1.997,1.0336666666666667,2.953,3047.942068965517,1244.855172413793,3.csv
tricycle,6,5564,6318,755,31.458333333333332,539.4117165950328,22013.240614764425,0.9989340396445657,1.997868079289132,2.012441387559808,37.452,743.5827814569536,851.3536423841059,300.csv
car,2,3658,3798,141,5.875,1.4142135623730951,0.8304988662131518,0.9096099290780142,1.994,3.0285999999999995,2.292,1773.22695035461,1304.0709219858156,306.csv
car,2,3805,3890,86,3.5833333333333335,2.0,1.7777777777777777,1.048139534883721,1.922,2.0505000000000004,2.072,1772.9883720930231,1305.093023255814,306.csv
car,2,3892,4153,262,10.916666666666666,2.23606797749979,2.5618367346938777,0.8054809160305344,1.907,1.5931000000000002,2.053,1772.0114503816794,1305.6259541984732,306.csv
car,2,4181,4541,361,15.041666666666666,3.0,3.7295464409722223,0.5146620498614959,1.92,1.2448000000000001,2.139,1771.0692520775624,1307.426592797784,306.csv
car,2,4543,5458,916,38.166666666666664,8.246211251235321,41.67073576023928,0.5926255458515284,1.994,1.3984999999999999,2.918,1784.4934497816594,1309.0993449781658,306.csv
car,2,3633,4112,480,20.0,5.385164807134504,1.480805907379334,0.5422791666666666,1.959,2.1945,2.059,1604.125,1478.9020833333334,309.csv
car,2,4114,4315,202,8.416666666666666,1.4142135623730951,0.8493827160493824,0.9157524752475248,1.914,1.5911000000000002,2.065,1602.430693069307,1481.9554455445545,309.csv
car,2,4317,4405,89,3.7083333333333335,0.0,0.2622222222222222,0.531247191011236,1.902,1.6966999999999999,2.529,1600.2022471910113,1483.0112359550562,309.csv
car,2,4413,4711,299,12.458333333333334,6.708203932499369,4.8175701653210306,0.7380568561872909,1.875,2.0843,2.049,1605.3344481605352,1482.9197324414715,309.csv
car,2,4715,4816,102,4.25,5.0990195135927845,0.4132231404958678,0.9151568627450978,1.897,1.6300000000000001,2.09,1608.8039215686274,1484.7745098039215,309.csv
car,2,4818,5323,506,21.083333333333332,2.8284271247461903,12.381535664819946,0.8128498023715415,1.969,1.3046000000000002,2.794,1618.5592885375495,1484.602766798419,309.csv
motor,3,3871,4044,174,7.25,8.94427190999916,1.3239795918367343,0.987103448275862,1.955,1.9048000000000003,2.107,966.551724137931,1569.2528735632184,313.csv
car,2,3572,3668,97,4.041666666666667,4.47213595499958,0.4429065743944636,0.9424742268041237,1.917,2.5515,2.026,279.10309278350513,469.16494845360825,316.csv
car,2,3670,5243,1574,65.58333333333333,18.973665961010276,43.772651515987675,0.69725667090216,1.974,1.5482,2.04,280.43964421855145,471.5959339263024,316.csv
car,2,5308,5599,292,12.166666666666666,10.198039027185569,1.148724854810201,0.7051369863013698,1.957,2.2169,2.229,288.986301369863,474.972602739726,316.csv
car,2,5652,5887,236,9.833333333333334,2.23606797749979,13.498979591836736,0.8220677966101695,1.896,1.6901000000000004,2.358,278.45762711864404,475.27542372881356,316.csv
car,2,5900,6390,491,20.458333333333332,6.082762530298219,14.619674298419568,0.857775967413442,1.972,2.0511,2.079,286.61914460285135,481.0122199592668,316.csv
car,2,6392,6535,144,6.0,12.529964086141668,12.7177734375,0.9096944444444445,1.917,1.5767000000000002,2.235,284.28472222222223,477.2916666666667,316.csv
car,2,3817,3902,86,3.5833333333333335,4.0,1.2170091941590047,1.1436976744186047,1.879,2.7984000000000004,2.29,1611.9418604651162,1399.0232558139535,318.csv
car,2,3906,4026,121,5.041666666666667,1.4142135623730951,1.2477652217911959,0.46057024793388435,1.937,1.7787,2.025,1611.396694214876,1399.5206611570247,318.csv
car,2,4028,4234,207,8.625,2.23606797749979,0.8832644628099172,0.7065893719806764,1.899,1.0935000000000001,2.036,1609.0628019323672,1400.5169082125603,318.csv
car,2,4236,4442,207,8.625,2.23606797749979,0.5427146814404433,0.6267826086956522,1.886,1.2991000000000001,2.649,1608.5458937198068,1401.6618357487923,318.csv
car,2,4452,5204,753,31.375,22.360679774997898,39.92888891751913,0.567476759628154,1.978,2.3151,2.156,1618.7875166002657,1402.7609561752988,318.csv
car,2,5210,5373,164,6.833333333333333,7.810249675906654,0.4653739612188367,0.8941768292682926,1.994,1.9028999999999996,2.899,1629.4878048780488,1405.25,318.csv
motor,3,3809,3880,72,3.0,4.47213595499958,1.274375,0.5976527777777778,1.957,2.7019,2.067,1163.111111111111,1564.736111111111,320.csv
motor,3,3940,4066,127,5.291666666666667,1.4142135623730951,0.6128,0.6461338582677165,1.966,3.239,2.531,1164.8818897637796,1566.275590551181,320.csv
motor,3,4127,4245,119,4.958333333333333,2.0,0.8650519031141868,0.8454789915966384,1.907,2.9222,2.07,1165.5882352941176,1568.5210084033613,320.csv
motor,3,4250,5190,941,39.208333333333336,37.013511046643494,131.80302513394705,0.40491498405951115,1.902,1.4976999999999998,6.937,1166.4229543039319,1563.1604675876727,320.csv
motor,3,4659,5209,551,22.958333333333332,12.083045973594572,10.47789329972695,0.9998125937031483,1.9996251874062967,2.0196214392803595,9.554,1233.7114337568057,1557.0290381125226,323.csv
van,8,3723,3999,277,11.541666666666666,13.601470508735444,5.23421875,0.7716787003610109,1.969,3.0112,3.227,1806.563176895307,1368.9891696750904,325.csv
van,8,4075,4231,157,6.541666666666667,2.0,1.1754904595538833,0.6719745222929936,1.931,2.7035,3.535,1735.8853503184714,1376.7324840764331,325.csv
van,8,4245,5343,1099,45.791666666666664,11.40175425099138,60.915349716630374,0.6810454959053686,1.949,2.9104,2.023,1746.4258416742493,1378.1419472247499,325.csv
car,2,3948,4220,273,11.375,3.605551275463989,1.1909747585423265,0.655007326007326,1.968,2.4971,2.828,1809.7179487179487,1508.194139194139,326.csv
car,2,4231,5356,1126,46.916666666666664,10.770329614269007,57.75519696043322,0.6574458259325046,1.848,2.4506,2.824,1818.760213143872,1510.4031971580816,326.csv
tricycle,6,516,755,240,10.0,5.0,6.210180055401661,0.7578625,1.88,2.0248,6.277,3501.7625,819.25,33.csv
tricycle,6,935,1449,515,21.458333333333332,12.041594578792296,0.8024239999999999,0.17992233009708736,1.888,1.9474,2.616,3501.9533980582523,820.9165048543689,33.csv
tricycle,6,1536,1764,229,9.541666666666666,2.0,0.7205075445816189,0.8183318777292576,1.865,2.3336000000000006,2.012,3488.6986899563317,818.9475982532751,33.csv
tricycle,6,1768,1964,197,8.208333333333334,6.324555320336759,0.7644444444444446,1.1258527918781724,1.923,1.6311,3.72,3491.005076142132,817.7106598984772,33.csv
motor,3,3977,4193,217,9.041666666666666,5.0,0.9670091941590049,0.9707281105990785,1.998,2.327,2.735,1751.0921658986176,1424.778801843318,332.csv
motor,3,4219,4351,133,5.541666666666667,3.0,0.5984,1.0978684210526315,1.953,2.2357,2.012,1753.5263157894738,1424.781954887218,332.csv
motor,3,4353,4507,155,6.458333333333333,7.280109889280518,3.6780853277835583,1.1847290322580644,1.997,1.5197,3.353,1753.516129032258,1424.4064516129033,332.csv
motor,3,4527,4903,377,15.708333333333334,12.165525060596439,2.7763888888888886,0.9421273209549073,1.964,2.331,2.047,1763.2175066312998,1428.3660477453582,332.csv
motor,3,4905,5162,258,10.75,12.041594578792296,16.51939058171746,1.033550387596899,1.999,1.7101999999999997,2.056,1775.4263565891472,1425.7674418604652,332.csv
car,2,3762,4043,282,11.75,5.0,2.3332368827160495,0.5639964539007093,1.947,2.4171,2.108,256.95390070921985,250.75177304964538,334.csv
car,2,4045,4137,93,3.875,2.23606797749979,0.4244897959183673,0.8096129032258063,1.954,1.6009,2.007,251.98924731182797,249.63440860215053,334.csv
car,2,4229,4718,490,20.416666666666668,4.0,14.599019700254498,0.6842061224489795,1.895,2.1062000000000003,2.317,251.09795918367348,255.68979591836734,334.csv
car,2,4723,4860,138,5.75,11.045361017187261,10.35973936899863,0.6599710144927535,1.96,1.9493000000000003,2.048,257.6811594202899,258.60869565217394,334.csv
car,2,4862,6208,1347,56.125,14.866068747318506,37.80366799306192,0.7712850779510021,1.963,1.562,2.383,263.9695619896065,258.76317743132887,334.csv
car,2,6224,6310,87,3.625,7.280109889280518,2.5816186556927296,0.7749425287356321,1.979,2.2462000000000004,2.471,265.7586206896552,270.8965517241379,334.csv
car,2,6323,6395,73,3.0416666666666665,8.06225774829855,6.381685119159317,1.3109863013698633,1.993,2.1827,2.211,260.2054794520548,265.972602739726,334.csv
car,2,6413,6558,146,6.083333333333333,13.0,3.1914387633769317,0.8280068493150685,1.934,1.9995999999999998,3.296,261.6575342465753,266.73972602739724,334.csv
car,2,3749,3831,83,3.4583333333333335,2.23606797749979,0.9817384952520087,0.652277108433735,1.991,3.4841,2.121,358.3855421686747,263.10843373493975,336.csv
car,2,3833,4326,494,20.583333333333332,10.198039027185569,6.3482842915346325,0.5889291497975709,1.978,1.4186,2.131,354.7186234817814,264.01214574898785,336.csv
car,2,4328,4794,467,19.458333333333332,10.44030650891055,11.586072583786349,0.56993147751606,1.969,1.5898999999999999,2.099,352.0642398286938,267.05139186295503,336.csv
car,2,4796,4914,119,4.958333333333333,3.1622776601683795,0.9607438016528926,0.9942773109243699,1.943,1.6030000000000002,2.058,361.93277310924367,268.5126050420168,336.csv
car,2,4916,5105,190,7.916666666666667,5.0,6.735294117647058,0.9625947368421052,1.889,1.6195,2.152,365.4421052631579,265.83684210526314,336.csv
car,2,5108,5260,153,6.375,12.649110640673518,6.253508374830242,0.8031699346405228,1.981,1.7058000000000004,2.491,372.93464052287584,265.7450980392157,336.csv
car,2,5285,5417,133,5.541666666666667,5.0990195135927845,2.75,0.8723458646616542,1.895,1.9129999999999998,2.189,368.8045112781955,267.593984962406,336.csv
car,2,5422,5753,332,13.833333333333334,19.313207915827967,10.461210181374788,0.8652981927710843,1.986,1.7368999999999999,2.598,362.4548192771084,267.4457831325301,336.csv
car,2,5867,5944,78,3.25,1.4142135623730951,0.18525519848771266,0.9442051282051284,1.989,1.6834,2.714,357.2435897435897,306.1025641025641,336.csv
car,2,6002,6448,447,18.625,1.0,16.619008,0.7571252796420583,1.973,1.8596,2.534,363.18568232662193,307.72035794183444,336.csv
car,2,6475,6548,74,3.0833333333333335,12.0,0.9115646258503399,0.9182567567567567,1.925,2.2585,3.078,361.3783783783784,321.7837837837838,336.csv
motor,3,4045,4139,95,3.9583333333333335,2.0,0.0,0.9921368421052634,1.975,2.1505,2.081,1559.1263157894737,1282.0631578947368,337.csv
motor,3,4141,4338,198,8.25,3.1622776601683795,1.427777777777778,0.9109848484848485,1.923,1.3904999999999998,2.513,1559.1565656565656,1283.0454545454545,337.csv
motor,3,4380,4531,152,6.333333333333333,4.123105625617661,1.4245867768595044,0.827375,1.958,1.5917,2.753,1558.4934210526317,1282.4473684210527,337.csv
motor,3,5272,5475,204,8.5,80.00624975587844,669.5816993464055,0.9992111111111115,1.9984222222222223,2.052566666666667,13.884,1541.686274509804,1278.549019607843,337.csv
car,2,3958,4083,126,5.25,13.038404810405298,0.811033965096641,0.5435158730158729,1.946,2.9121,2.375,2006.0396825396826,1392.1984126984128,338.csv
car,2,4243,5391,1149,47.875,11.180339887498949,71.52650731073263,0.5187737162750219,1.945,2.0448,2.846,1934.0165361183638,1394.912097476066,338.csv
car,2,1,113,113,4.708333333333333,13.038404810405298,0.3239529660457128,0.3659292035398231,1.881,0.0,2.062,1264.8761061946902,1314.2566371681417,34.csv
car,2,138,443,306,12.75,28.160255680657446,0.5781639757682082,0.48925163398692817,1.923,1.8843999999999999,2.829,1233.0816993464052,1313.2581699346406,34.csv
motor,3,4164,4275,112,4.666666666666667,3.1622776601683795,1.3902662993572086,0.8334464285714286,1.976,3.2379,2.164,999.4732142857143,1569.080357142857,343.csv
motor,3,4280,4355,76,3.1666666666666665,1.4142135623730951,0.16,1.25,1.988,1.8985000000000003,2.084,999.7894736842105,1569.5263157894738,343.csv
car,2,4082,4166,85,3.5416666666666665,8.246211251235321,0.41836734693877553,0.9794588235294118,1.995,2.2238999999999995,2.262,1935.5411764705882,1306.4,345.csv
car,2,4180,5326,1147,47.791666666666664,22.090722034374522,65.76473068636504,0.5809415867480383,1.916,1.8713000000000002,2.303,1943.4193548387098,1307.455100261552,345.csv
car,2,5333,5485,153,6.375,19.026297590440446,0.5750000000000001,1.0833986928104578,1.987,1.9563,3.372,1950.9019607843138,1309.4640522875818,345.csv
tricycle,6,4132,5428,1297,54.041666666666664,15.297058540778355,83.36977357365964,0.5519992289899769,1.983,3.5204,4.051,1982.4780262143408,1466.3538936006169,350.csv
car,2,3998,4738,741,30.875,8.06225774829855,10.040974447630292,0.65451012145749,1.909,2.3525,2.156,434.81781376518217,318.07422402159244,351.csv
car,2,4741,5283,543,22.625,20.0,22.039288194444442,0.6450662983425414,1.995,1.7093,2.195,448.76979742173114,319.01657458563534,351.csv
car,2,5287,5938,652,27.166666666666668,15.524174696260024,30.03713579604579,0.6991242331288343,1.868,1.6579000000000002,2.482,443.7361963190184,320.7822085889571,351.csv
car,2,5948,6547,600,25.0,13.0,16.792378175760096,0.7069016666666667,1.945,2.1823,3.011,445.30333333333334,325.415,351.csv
car,2,4165,4399,235,9.791666666666666,9.055385138137417,2.1309342560553635,0.7249276595744681,1.973,2.7394,2.432,2112.251063829787,1475.8212765957446,354.csv
car,2,4406,5498,1093,45.541666666666664,16.492422502470642,63.86594010744548,0.6254473924977128,1.998,2.041,2.405,2125.711802378774,1478.3330283623056,354.csv
car,2,4189,4545,357,14.875,6.082762530298219,2.998096189257514,0.5865238095238096,1.959,2.7508,2.645,2281.442577030812,1487.3221288515406,356.csv
car,2,4555,5501,947,39.458333333333336,14.560219778561036,57.624596893491116,0.5434033790918691,1.994,2.3473,2.397,2298.1499472016894,1490.1583949313622,356.csv
car,2,4252,5279,1028,42.833333333333336,21.02379604162864,74.79504032765934,0.6244805447470816,1.988,2.9959000000000002,2.144,2092.13813229572,1270.3346303501946,361.csv
car,2,5281,5509,229,9.541666666666666,14.035668847618199,0.6641769606434933,0.7429388646288209,1.985,1.7027999999999999,3.276,2103.192139737991,1271.6244541484716,361.csv
motor,3,4667,4959,293,12.208333333333334,12.041594578792296,8.067001385041554,0.8427952218430035,1.993,1.8175000000000001,3.36,2208.204778156997,1275.4368600682594,364.csv
motor,3,4441,4643,203,8.458333333333334,6.708203932499369,4.776727578239865,0.7090295566502463,1.881,2.7575999999999996,2.325,2056.423645320197,1325.295566502463,365.csv
motor,3,4648,4770,123,5.125,3.0,0.47713897691263013,0.8074308943089431,1.981,1.7553999999999998,3.422,2058.9024390243903,1326.3658536585365,365.csv
motor,3,4894,5028,135,5.625,8.246211251235321,5.795555555555556,1.0036296296296296,1.969,1.9567,2.483,2069.0148148148146,1325.0740740740741,365.csv
motor,3,5036,5306,271,11.291666666666666,5.0,3.470486111111111,0.966040590405904,1.974,2.1437,2.126,2076.1955719557195,1325.6420664206642,365.csv
motor,3,5062,5354,293,12.208333333333334,347.41617694056794,5914.746895544193,0.9975946745562132,1.995189349112426,2.0327699704142015,19.027,1237.4982935153585,1559.4675767918088,376.csv
car,2,4564,5294,731,30.458333333333332,20.8806130178211,51.542846730528936,0.8111381668946649,1.975,2.1243,2.042,2141.510259917921,1389.7729138166894,382.csv
car,2,5364,5488,125,5.208333333333333,11.180339887498949,4.412070759625391,0.771528,1.986,1.8256999999999999,4.194,2148.24,1390.848,382.csv
motor,3,5181,5290,110,4.583333333333333,4.123105625617661,0.3742563547863711,0.7639000000000001,1.954,2.5707999999999998,7.379,443.4909090909091,193.94545454545454,392.csv
motor,3,5611,5715,105,4.375,9.0,1.6785714285714286,1.006304761904762,1.998,1.0733000000000001,3.746,426.1047619047619,176.6095238095238,392.csv
car,2,3,579,577,24.041666666666668,39.11521443121589,10.466840234036002,0.7664090121317158,1.964,1.562,3.395,2421.1854419410747,1376.317157712305,4.csv
tricycle,6,4957,5550,594,24.75,917.1662880852086,64986.05086954765,0.16132744107744107,1.753,2.7382999999999997,20.666,1231.9444444444443,1560.7373737373737,403.csv
car,2,4836,5076,241,10.041666666666666,3.1622776601683795,2.52962232449412,0.6915726141078837,1.947,2.6107,2.185,2333.5809128630704,1386.792531120332,404.csv
car,2,5080,5231,152,6.333333333333333,5.0,0.7961035098155858,0.6464013157894737,1.859,1.7335999999999998,2.021,2341.8026315789475,1386.4473684210527,404.csv
car,2,5249,5335,87,3.625,5.385164807134504,0.7430555555555557,1.0803448275862069,1.874,1.6959,2.181,2344.390804597701,1387.2183908045977,404.csv
car,2,5339,5561,223,9.291666666666666,7.211102550927978,3.825255102040817,0.9925650224215247,1.978,1.7632999999999999,3.192,2341.3766816143498,1385.9372197309417,404.csv
car,2,4471,5119,649,27.041666666666668,21.02379604162864,26.92930169753086,0.8006640986132513,1.905,2.5126999999999997,2.504,369.251155624037,45.559322033898304,406.csv
car,2,5126,5655,530,22.083333333333332,12.0,11.054277156841259,0.8928622641509435,1.934,1.9929999999999997,2.203,377.39811320754717,46.00754716981132,406.csv
car,2,5683,5797,115,4.791666666666667,2.0,1.7504725897920599,0.8622260869565217,1.869,1.3453,2.015,364.16521739130434,43.130434782608695,406.csv
car,2,5803,6134,332,13.833333333333334,6.4031242374328485,3.86005949161709,0.8068945783132531,1.879,1.7802,2.221,368.5030120481928,47.4066265060241,406.csv
car,2,6141,6602,462,19.25,16.1245154965971,7.188974397666113,0.7733246753246752,1.994,1.8826,2.232,371.6926406926407,48.73809523809524,406.csv
tricycle,6,4697,5285,589,24.541666666666668,22.090722034374522,44.47374726077429,0.7102716468590833,1.975,3.1404,2.037,2309.74363327674,1250.3667232597622,407.csv
tricycle,6,5304,5520,217,9.041666666666666,9.055385138137417,3.1508264462809916,0.7498018433179723,1.982,1.7979000000000003,2.351,2315.041474654378,1250.7834101382489,407.csv
van,8,6,175,170,7.083333333333333,20.024984394500787,29.860000000000003,0.8445411764705882,1.891,1.6172,2.622,1394.9411764705883,1450.6529411764707,41.csv
van,8,198,332,135,5.625,36.013886210738214,19.644444444444456,1.134474074074074,1.996,2.1528,2.596,1356.8,1450.1185185185186,41.csv
car,2,4950,5072,123,5.125,2.23606797749979,1.1695501730103806,0.7646504065040649,1.881,1.8706999999999998,2.027,2571.5934959349593,1377.8292682926829,416.csv
car,2,5074,5194,121,5.041666666666667,5.0,0.375,0.9007603305785123,1.951,1.3958,2.24,2575.3553719008264,1379.3305785123966,416.csv
car,2,5198,5385,188,7.833333333333333,2.0,3.574872169466765,0.8501329787234042,1.946,1.8372000000000004,2.11,2577.398936170213,1380.409574468085,416.csv
car,2,5387,5675,289,12.041666666666666,13.152946437965905,1.9350617283950622,0.7384290657439446,1.959,1.4842,4.441,2572.5640138408303,1378.2768166089966,416.csv
tricycle,6,5525,5699,175,7.291666666666667,690.0876755891239,2650.92458677686,0.9979240223463693,1.995848044692739,2.0589351955307267,16.121,1497.3885714285714,1534.12,419.csv
car,2,1,79,79,3.2916666666666665,11.045361017187261,0.36160000000000003,0.8154810126582277,1.954,0.0,3.062,1480.4810126582279,1366.9240506329113,42.csv
car,2,113,408,296,12.333333333333334,12.041594578792296,2.0302826921528094,0.4093682432432432,1.875,2.3124,2.419,1446.5777027027027,1366.6756756756756,42.csv
car,2,4860,4987,128,5.333333333333333,5.0,1.7685950413223142,0.9299765625,1.87,2.8487,2.427,2445.7265625,1301.8671875,423.csv
car,2,4996,5115,120,5.0,3.1622776601683795,3.7777777777777777,1.0915833333333333,1.959,2.0956,2.413,2452.5416666666665,1300.2583333333334,423.csv
car,2,5129,5221,93,3.875,3.1622776601683795,0.484375,1.0553440860215055,1.967,2.1963999999999997,2.001,2455.3548387096776,1302.8387096774193,423.csv
car,2,5223,5360,138,5.75,2.0,2.0083102493074794,0.7995652173913044,1.979,1.7645,2.067,2455.8115942028985,1304.3188405797102,423.csv
motor,3,4817,5142,326,13.583333333333334,9.899494936611665,10.860282574568291,0.7933067484662577,1.991,1.8959,4.031,450.1503067484663,537.8834355828221,429.csv
motor,3,5314,5385,72,3.0,3.605551275463989,1.25,1.0610833333333334,1.906,2.5665999999999998,3.132,450.1388888888889,539.0694444444445,429.csv
motor,3,5416,5550,135,5.625,1.0,2.7174963243016164,0.6158296296296296,1.98,2.3983,2.154,450.77037037037036,539.3111111111111,429.csv
motor,3,5553,5630,78,3.25,4.0,2.4069690992767914,1.3762820512820515,1.957,1.3396000000000001,2.519,447.64102564102564,538.7179487179487,429.csv
motor,3,5687,6192,506,21.083333333333332,13.45362404707371,8.320846536894523,0.6524723320158102,1.904,2.2132,3.092,428.2608695652174,534.2272727272727,429.csv
truck,7,3,262,260,10.833333333333334,5.0,5.145391023918301,0.8779,1.934,1.562,3.551,1734.4923076923078,1286.5615384615385,43.csv
truck,7,396,503,108,4.5,2.23606797749979,0.6721938775510204,0.8653333333333334,1.957,2.2157,3.327,1673.7592592592594,1283.75,43.csv
car,2,6,176,171,7.125,29.017236257093817,3.1192186153404196,0.8571520467836256,1.996,0.43739999999999996,2.263,1231.7076023391812,1440.157894736842,44.csv
tricycle,6,5106,5257,152,6.333333333333333,4.47213595499958,3.5576457941413597,0.6531052631578946,1.942,2.0218,3.668,2366.5789473684213,1541.2302631578948,444.csv
tricycle,6,5290,5370,81,3.375,3.1622776601683795,1.12,0.679358024691358,1.952,3.0364999999999998,2.707,2366.4814814814813,1542.6049382716049,444.csv
tricycle,6,5390,5469,80,3.3333333333333335,6.082762530298219,0.8975069252077562,0.8394124999999999,1.975,2.3299999999999996,4.236,2364.575,1540.8,444.csv
motor,3,5144,5568,425,17.708333333333332,29.832867780352597,7.930332409972298,0.5627529411764706,1.836,2.5409999999999995,11.742,2228.3129411764708,1423.0847058823529,445.csv
motor,3,5309,5809,501,20.875,14.035668847618199,6.269772174797897,0.7883393213572853,1.968,3.3491,3.166,2109.684630738523,771.564870259481,453.csv
motor,3,6245,6323,79,3.2916666666666665,1.0,0.16000000000000006,1.0497848101265825,1.937,2.2277,2.03,1965.9367088607594,661.1772151898734,453.csv
motor,3,7207,8157,951,39.625,14.317821063276353,2.6298263888888895,0.9973023133543639,1.9988082191780825,2.010404680365297,3.371,1948.9779179810726,652.043112513144,453.csv
motor,3,8235,8349,115,4.791666666666667,4.47213595499958,0.4068877551020408,1.0959304347826089,1.986,1.6617000000000002,2.578,1946.4521739130435,666.8173913043478,453.csv
motor,3,8442,8596,155,6.458333333333333,1.4142135623730951,1.4498269896193774,0.9013483870967742,1.941,1.6111,0.0,1948.2322580645161,662.1548387096774,453.csv
motor,3,5317,5390,74,3.0833333333333335,2.23606797749979,4.5,1.2107567567567568,1.999,2.3346,2.54,2576.2567567567567,1283.8918918918919,455.csv
tricycle,6,5087,5200,114,4.75,4.47213595499958,1.1095679012345678,0.7930614035087719,1.922,2.4522,2.832,449.0877192982456,74.12280701754386,456.csv
tricycle,6,5274,5358,85,3.5416666666666665,10.44030650891055,10.59875432525952,1.2242705882352942,1.912,1.7541,2.331,449.21176470588233,76.05882352941177,456.csv
tricycle,6,5691,5795,105,4.375,0.0,0.0,1.1491142857142858,1.99,2.8145999999999995,2.189,433.0857142857143,74.84761904761905,456.csv
tricycle,6,6097,6238,142,5.916666666666667,4.123105625617661,3.1303808768101566,1.1644225352112676,1.945,2.2319,2.1,446.11971830985914,89.05633802816901,456.csv
tricycle,6,6403,6489,87,3.625,6.4031242374328485,0.0,1.2304137931034484,1.909,3.1134,2.067,438.88505747126436,77.28735632183908,456.csv
motor,3,5541,5656,116,4.833333333333333,235.35929979501554,1223.0107015457786,0.9943076923076927,1.988615384615385,2.0837230769230772,19.026,2257.939655172414,1431.5258620689656,458.csv
car,2,1,299,299,12.458333333333334,11.180339887498949,0.5160553633217994,0.5263377926421404,1.978,0.0,2.629,1065.839464882943,1345.76254180602,46.csv
motor,3,5288,5477,190,7.916666666666667,12.36931687685298,4.104637336504162,0.9080263157894736,1.956,2.9554,2.001,2433.7157894736843,1445.6052631578948,460.csv
car,2,5136,5358,223,9.291666666666666,2.23606797749979,1.44404122514153,0.6579013452914798,1.826,3.1753,2.126,2744.7219730941706,1257.8744394618834,465.csv
car,2,5360,5631,272,11.333333333333334,6.4031242374328485,3.0017722117202266,0.7194301470588236,1.988,1.1671999999999998,2.145,2739.981617647059,1256.1691176470588,465.csv
tricycle,6,239,387,149,6.208333333333333,3.605551275463989,0.8902391975308641,0.6753355704697986,1.947,2.9012222222222226,2.439,1582.4832214765102,1348.1275167785234,48.csv
car,2,1,252,252,10.5,1.4142135623730951,1.5058610220947881,0.4593253968253968,1.899,0.0,2.059,1705.861111111111,1508.611111111111,49.csv
car,2,254,391,138,5.75,14.317821063276353,0.5434415462563332,0.6030942028985508,1.902,1.7046,2.472,1703.6159420289855,1508.5507246376812,49.csv
car,2,11,543,533,22.208333333333332,6.0,2.5777882197335558,0.4590412757973733,1.986,1.4458,2.762,2230.8949343339586,1372.452157598499,50.csv
car,2,27,104,78,3.25,1.0,0.48000000000000004,0.8543717948717949,1.958,1.7741,2.858,2027.1923076923076,1394.8589743589744,51.csv
car,2,115,468,354,14.75,9.055385138137417,1.0106037334593572,0.5523644067796609,1.994,2.4094,2.971,2028.1694915254238,1392.316384180791,51.csv
motor,3,1,147,147,6.125,2.8284271247461903,0.9224489795918368,0.9219659863945578,1.872,0.0,2.047,977.0612244897959,1299.2585034013605,52.csv
motor,3,149,387,239,9.958333333333334,3.605551275463989,0.8896683673469389,0.8894769874476987,1.957,1.2093,5.364,976.5648535564853,1299.3430962343095,52.csv
tricycle,6,6214,6308,95,3.9583333333333335,21.02379604162864,17.060763888888893,0.995989932885906,1.991979865771812,2.1085318791946315,9.668,811.1894736842105,821.1368421052632,524.csv
motor,3,27,213,187,7.791666666666667,0.0,0.375,1.0536524064171122,1.973,2.745375,2.329,1356.7914438502673,1517.0534759358288,53.csv
car,2,6811,7337,527,21.958333333333332,23.53720459187964,66.60310227520988,0.713280834914611,1.877,2.5942,2.027,851.8994307400379,1323.1612903225807,545.csv
car,2,7339,7735,397,16.541666666666668,8.0,5.797555555555556,0.7411209068010076,1.985,1.4830999999999999,2.717,837.4282115869017,1325.0100755667506,545.csv
car,2,7750,8098,349,14.541666666666666,9.219544457292887,10.75570934256055,0.6521719197707736,1.991,2.4233000000000002,3.036,835.0601719197708,1331.2750716332378,545.csv
car,2,8119,9021,903,37.625,8.06225774829855,27.459500964819156,0.6160055370985604,1.907,2.3244,0.0,836.9169435215947,1337.2757475083056,545.csv
motor,3,6458,6570,113,4.708333333333333,7.280109889280518,3.183673469387755,0.914150442477876,1.803,3.4699,2.836,323.75221238938053,135.2566371681416,547.csv
tricycle,6,4751,4871,121,5.041666666666667,12.041594578792296,0.0,1.2969504132231402,1.958,2.4275999999999995,2.07,243.40495867768595,64.67768595041322,550.csv
tricycle,6,4873,4956,84,3.5,1.4142135623730951,0.4475308641975308,0.9697499999999999,1.987,1.7213,2.447,247.53571428571428,64.47619047619048,550.csv
tricycle,6,5017,5168,152,6.333333333333333,7.0710678118654755,0.1875,1.2629802631578948,1.973,2.4017,2.047,251.19736842105263,61.44078947368421,550.csv
tricycle,6,5358,5452,95,3.9583333333333335,0.0,0.375,1.0893894736842105,1.953,2.5807,2.106,249.17894736842106,64.06315789473685,550.csv
tricycle,6,5454,5531,78,3.25,1.0,4.3118014464168315,1.3256923076923077,1.961,1.5013999999999998,2.136,250.25641025641025,64.52564102564102,550.csv
tricycle,6,5559,5634,76,3.1666666666666665,4.0,0.9688581314878895,1.0391052631578948,1.996,2.5337,2.584,245.76315789473685,64.9342105263158,550.csv
tricycle,6,5891,5969,79,3.2916666666666665,2.23606797749979,0.5969387755102041,1.1928481012658225,1.861,1.9159999999999997,2.162,240.44303797468353,65.0126582278481,550.csv
tricycle,6,5974,6202,229,9.541666666666666,14.317821063276353,8.783673469387756,1.0178558951965067,1.992,1.8157,2.118,247.54585152838428,66.27510917030568,550.csv
tricycle,6,6253,6351,99,4.125,5.0990195135927845,0.4444444444444444,0.9906464646464647,1.943,1.7054000000000002,2.035,246.3939393939394,66.28282828282828,550.csv
tricycle,6,6355,6435,81,3.375,2.0,0.0,1.256925925925926,1.917,1.4586999999999999,2.215,242.66666666666666,63.91358024691358,550.csv
tricycle,6,6439,6587,149,6.208333333333333,6.4031242374328485,0.7843750000000003,0.9371208053691277,1.98,1.6911999999999998,2.582,245.68456375838926,65.26174496644295,550.csv
motor,3,7145,9021,1877,78.20833333333333,28.861739379323623,38.393414827645984,0.5807192328183273,1.984,3.4031999999999996,0.0,984.2179009057006,1281.1092168353755,556.csv
car,2,16,190,175,7.291666666666667,7.280109889280518,1.25504427347946,0.5956571428571428,1.899,1.3873000000000002,2.325,2843.3314285714287,1498.56,56.csv
car,2,213,407,195,8.125,10.04987562112089,1.4135355364418287,0.7505025641025642,1.995,1.8587999999999998,2.428,2843.994871794872,1495.5384615384614,56.csv
motor,3,7444,7529,86,3.5833333333333335,4.47213595499958,0.2222222222222222,1.0633720930232555,1.984,1.9312,3.712,813.7209302325581,1466.6162790697674,564.csv
motor,3,7588,7740,153,6.375,6.708203932499369,0.06632653061224493,1.126738562091503,1.952,2.8172,2.382,801.3986928104575,1464.4444444444443,564.csv
motor,3,7746,8129,384,16.0,7.615773105863909,5.809540761836954,0.7908020833333333,1.996,1.9474999999999998,2.09,801.5625,1469.9088541666667,564.csv
motor,3,8131,8338,208,8.666666666666666,5.0990195135927845,1.4949527319339848,0.7891634615384615,1.97,1.7795,2.435,801.6682692307693,1473.985576923077,564.csv
motor,3,8385,8628,244,10.166666666666666,5.830951894845301,2.787801314828342,0.8053319672131147,1.975,1.8155000000000001,2.105,804.6065573770492,1474.127049180328,564.csv
motor,3,8674,8802,129,5.375,4.123105625617661,2.5541838134430725,0.82415503875969,1.884,1.8416000000000001,2.458,809.6976744186046,1481.8139534883721,564.csv
motor,3,8820,9021,202,8.416666666666666,15.811388300841896,28.90643591130341,0.8906534653465346,1.949,2.0422,0.0,802.1138613861386,1475.920792079208,564.csv
tricycle,6,7682,7760,79,3.2916666666666665,4.47213595499958,1.258034894398531,0.6965189873417721,1.894,2.773,2.521,1567.8987341772151,804.0379746835443,570.csv
tricycle,6,7781,7931,151,6.291666666666667,18.027756377319946,34.3964296706679,0.6596490066225166,1.934,2.2975,3.737,1583.2185430463576,796.1390728476821,570.csv
tricycle,6,8216,8300,85,3.5416666666666665,15.0,9.834710743801653,0.9782883257918553,1.9798692307692312,2.111065384615385,6.54,1633.0,827.7529411764706,570.csv
tricycle,6,8667,8748,82,3.4166666666666665,3.605551275463989,0.24,1.0327926829268295,1.923,1.6634999999999998,2.056,1620.0243902439024,781.8780487804878,570.csv
tricycle,6,8750,9021,272,11.333333333333334,17.204650534085253,27.431037718145994,0.702264705882353,1.893,1.5745,0.0,1615.5735294117646,777.4301470588235,570.csv
motor,3,7456,7528,73,3.0416666666666665,1.4142135623730951,0.961111111111111,0.7772465753424657,1.906,2.9816000000000003,3.676,774.0,1394.5616438356165,574.csv
motor,3,7761,7940,180,7.5,4.242640687119285,0.7517355371900826,0.7193055555555554,1.906,2.7577000000000003,2.212,772.6333333333333,1396.6277777777777,574.csv
motor,3,7956,8142,187,7.791666666666667,2.23606797749979,1.4382086167800454,0.8596363636363636,1.972,2.0200000000000005,2.113,773.096256684492,1399.5294117647059,574.csv
motor,3,8178,8315,138,5.75,8.94427190999916,1.1782006920415227,0.8044057971014493,1.971,1.9741,2.126,771.9565217391304,1400.8623188405797,574.csv
motor,3,8379,8481,103,4.291666666666667,2.23606797749979,2.1875,0.9586990291262136,1.944,1.9031000000000002,2.806,775.4757281553398,1399.7184466019417,574.csv
motor,3,8498,8634,137,5.708333333333333,6.324555320336759,0.32958477508650513,1.023029197080292,1.971,2.4778,2.639,772.1751824817518,1402.3357664233577,574.csv
motor,3,8712,8812,101,4.208333333333333,3.1622776601683795,0.9861111111111112,0.808089108910891,1.992,2.738,3.063,777.4554455445544,1407.8217821782177,574.csv
car,2,7712,7946,235,9.791666666666666,4.123105625617661,2.210588935157644,0.9902382978723404,1.948,2.8555,2.63,924.4297872340426,1417.7702127659575,584.csv
car,2,8276,8372,97,4.041666666666667,6.082762530298219,0.1875,1.0667628865979382,1.951,1.6658000000000002,2.165,927.4123711340206,1426.3092783505156,584.csv
car,2,8500,8798,299,12.458333333333334,6.4031242374328485,8.685432098765432,0.9626688963210701,1.952,1.9596999999999998,2.504,928.85618729097,1427.5451505016722,584.csv
car,2,8836,8943,108,4.5,9.433981132056603,1.6952908587257618,0.8335092592592593,1.987,1.8443,2.861,926.074074074074,1426.9537037037037,584.csv
motor,3,1,78,78,3.25,4.0,2.094182825484765,0.802371794871795,1.972,0.0,2.138,1305.8974358974358,761.6025641025641,59.csv
motor,3,82,201,120,5.0,1.4142135623730951,0.14273356401384082,0.8370083333333334,1.983,1.686,2.291,1305.3333333333333,761.9083333333333,59.csv
car,2,7699,8838,1140,47.5,15.132745950421556,28.647230883093968,0.5842491228070176,1.984,3.1935,2.166,391.44912280701755,621.1157894736842,597.csv
car,2,8846,9021,176,7.333333333333333,15.811388300841896,27.709750566893423,0.9120340909090907,1.875,1.8869000000000002,0.0,382.77840909090907,620.9431818181819,597.csv
car,2,5,149,145,6.041666666666667,3.0,0.9316326530612246,0.6219586206896551,1.913,1.316,2.371,2580.751724137931,1483.855172413793,6.csv
car,2,155,503,349,14.541666666666666,16.1245154965971,1.6595041322314055,0.9014469914040115,1.953,1.8929000000000002,3.234,2574.134670487106,1480.8510028653295,6.csv
car,2,7998,8070,73,3.0416666666666665,4.242640687119285,0.606404958677686,0.6053698630136987,1.962,2.3563,4.509,1156.041095890411,1427.2876712328766,600.csv
car,2,8147,8310,164,6.833333333333333,5.0990195135927845,1.373594335693461,0.7164451219512195,1.986,3.1460999999999997,5.016,1154.6707317073171,1427.189024390244,600.csv
car,2,8348,8433,86,3.5833333333333335,5.830951894845301,0.39669421487603307,0.8854534883720927,1.853,1.9851999999999996,3.831,1159.8023255813953,1429.046511627907,600.csv
car,2,8453,8602,150,6.25,5.0,1.6327160493827164,0.86436,1.954,2.6742000000000004,3.001,1156.8333333333333,1428.3866666666668,600.csv
car,2,8714,8894,181,7.541666666666667,5.0990195135927845,4.611411911703456,0.7292541436464088,1.92,2.7072000000000003,3.137,1159.243093922652,1432.657458563536,600.csv
car,2,8916,9021,106,4.416666666666667,5.0,0.7652354570637122,0.7273773584905661,1.936,2.4768999999999997,0.0,1151.4056603773586,1428.1037735849056,600.csv
car,2,8045,9021,977,40.708333333333336,11.045361017187261,14.857351271602433,0.604797338792221,1.886,2.0787,0.0,1212.551688843398,1338.3019447287616,601.csv
car,2,8067,9021,955,39.791666666666664,13.92838827718412,17.821493055555557,0.5688942408376964,1.923,2.3537,0.0,1419.2471204188482,1313.1801047120418,602.csv
car,2,8435,8562,128,5.333333333333333,5.0,2.982853223593965,0.6250390625,1.922,2.9892999999999996,2.221,1017.59375,1499.703125,611.csv
car,2,8570,8935,366,15.25,4.123105625617661,9.5413079667063,0.651655737704918,1.851,1.8328,2.05,1018.2185792349727,1505.2704918032787,611.csv
car,2,8937,9021,85,3.5416666666666665,5.656854249492381,1.1412244897959183,0.6874823529411765,1.954,1.0195,0.0,1009.3058823529411,1499.3529411764705,611.csv
car,2,8534,8944,411,17.125,9.0,10.210863683662852,0.6690364963503648,1.928,2.6612,2.172,1324.698296836983,1506.6642335766423,627.csv
motor,3,8740,8929,190,7.916666666666667,10.770329614269007,74.12948020266465,0.7616736842105264,1.879,2.8849999999999993,2.455,875.478947368421,1543.3263157894737,636.csv
car,2,8573,8764,192,8.0,6.4031242374328485,8.593194444444446,0.4598541666666667,1.847,2.5717000000000003,2.173,1488.7760416666667,1447.5729166666667,637.csv
car,2,8768,9021,254,10.583333333333334,14.422205101855956,20.348135904499543,0.4385354330708662,1.868,1.7683,0.0,1485.5629921259842,1445.3700787401574,637.csv
tricycle,6,8614,8752,139,5.791666666666667,8.94427190999916,4.620574760516452,0.7854028776978417,1.948,2.9956000000000005,2.031,1575.2877697841727,1359.4388489208634,641.csv
tricycle,6,8754,9021,268,11.166666666666666,15.620499351813308,27.381344307270233,0.6758470149253731,1.873,1.4415,0.0,1572.3097014925372,1356.0335820895523,641.csv
motor,3,8744,8822,79,3.2916666666666665,32.28002478313795,155.60330578512395,0.9547312720481425,1.98483606557377,2.1303907103825135,3.668,398.49367088607596,480.67088607594934,644.csv
car,2,8701,9021,321,13.375,12.727922061357855,19.375133363816495,0.5123644859813083,1.841,2.6077,0.0,1658.545171339564,1462.8442367601247,647.csv
car,2,8653,9021,369,15.375,13.45362404707371,18.082372164552098,0.7796558265582655,1.998,3.5164999999999997,0.0,1192.5230352303522,831.5745257452575,649.csv
car,2,8730,9021,292,12.166666666666666,20.0,36.1507568359375,0.6476986301369863,1.88,2.1971,0.0,1724.3801369863013,1317.6678082191781,651.csv
car,2,8850,8980,131,5.458333333333333,19.313207915827967,1.3763265306122447,0.8453435114503817,1.854,2.7581,2.248,3125.2137404580153,781.0687022900763,654.csv
car,2,8815,8964,150,6.25,10.0,2.928873510188389,0.7905466666666668,1.905,2.425,2.289,1806.2533333333333,1394.6133333333332,657.csv
motor,3,204,286,83,3.4583333333333335,1.0,0.22222222222222224,1.2057469879518072,1.91,1.2989,2.518,2721.409638554217,1456.9638554216867,68.csv
van,8,1,232,232,9.666666666666666,3.0,1.9484375,0.6581939655172413,1.765,0.0,2.725,2056.25,1480.2931034482758,7.csv
van,8,242,320,79,3.2916666666666665,2.0,0.23140495867768598,1.1215822784810126,1.976,2.3528,2.223,2056.8987341772154,1479.7215189873418,7.csv
van,8,350,489,140,5.833333333333333,2.0,2.0407424173834317,0.8097928571428572,1.974,1.8,2.519,2057.5214285714287,1481.4785714285715,7.csv
truck,7,18,120,103,4.291666666666667,6.4031242374328485,0.7679999999999999,0.8394174757281553,1.989,2.0175,2.185,3092.9320388349515,1383.8640776699028,71.csv
truck,7,126,286,161,6.708333333333333,3.0,1.4705578512396693,0.8346211180124223,1.975,1.7080000000000002,2.281,3093.44099378882,1379.9068322981366,71.csv
truck,7,292,492,201,8.375,2.23606797749979,2.0500000000000003,0.9491492537313434,1.983,1.9259999999999997,2.395,3093.9154228855723,1379.5771144278608,71.csv
truck,7,516,646,131,5.458333333333333,10.198039027185569,1.7374999999999996,1.0285038167938931,1.88,2.2181,3.088,3098.1450381679388,1378.7557251908397,71.csv
motor,3,94,189,96,4.0,0.0,0.61,1.22534375,1.974,1.5783,2.324,2926.0,1202.8541666666667,76.csv
motor,3,205,323,119,4.958333333333333,5.385164807134504,1.0290858725761773,0.7802016806722688,1.829,1.7936999999999999,4.431,2927.5882352941176,1203.453781512605,76.csv
car,2,25,221,197,8.208333333333334,7.0710678118654755,1.0029585798816567,1.0448934010152284,1.962,1.1963000000000001,2.289,257.28934010152284,70.22842639593908,77.csv
car,2,231,412,182,7.583333333333333,4.47213595499958,0.8101214161820223,0.5497527472527473,1.986,1.8996000000000002,3.774,255.67032967032966,70.91208791208791,77.csv
car,2,452,697,246,10.25,11.045361017187261,6.365666351606806,0.644089430894309,1.861,2.8548,2.07,266.2154471544715,74.5569105691057,77.csv
car,2,736,1183,448,18.666666666666668,7.280109889280518,8.581994156318482,0.8182299107142856,1.983,2.1513999999999998,2.21,263.6674107142857,75.59598214285714,77.csv
car,2,1199,1410,212,8.833333333333334,10.04987562112089,9.829368512110726,0.7633679245283019,1.932,2.1301,2.07,263.5,74.41037735849056,77.csv
car,2,1414,1831,418,17.416666666666668,10.04987562112089,21.644037460978147,0.6938971291866028,1.971,1.4426999999999999,3.129,257.4976076555024,70.98803827751196,77.csv
car,2,1,405,405,16.875,12.041594578792296,1.1886726019817915,0.3752469135802469,1.895,0.0,3.13,1648.2197530864198,1428.8864197530863,8.csv
car,2,1,244,244,10.166666666666666,4.47213595499958,3.883637891199328,0.8422786885245901,1.979,0.0,2.125,271.6639344262295,255.10655737704917,82.csv
car,2,246,473,228,9.5,8.0,4.98370303304663,0.7209780701754385,1.995,1.7128999999999999,2.324,269.5964912280702,259.7236842105263,82.csv
car,2,482,603,122,5.083333333333333,6.0,0.166875,0.8150901639344262,1.93,2.0512000000000006,2.215,275.74590163934425,264.91803278688525,82.csv
car,2,609,719,111,4.625,2.23606797749979,0.8002015621063235,0.6021441441441442,1.994,1.8927,2.155,279.2432432432432,263.1711711711712,82.csv
car,2,725,845,121,5.041666666666667,1.4142135623730951,0.2629757785467128,1.032512396694215,1.975,1.9232,2.082,276.1322314049587,262.64462809917353,82.csv
car,2,950,1070,121,5.041666666666667,3.0,0.9583426152818001,0.5656859504132231,1.844,1.4185,2.29,274.5206611570248,270.77685950413223,82.csv
car,2,1091,1202,112,4.666666666666667,6.4031242374328485,0.7756076388888886,0.7612053571428571,1.961,2.0244999999999997,2.112,270.38392857142856,268.32142857142856,82.csv
car,2,1285,1469,185,7.708333333333333,2.8284271247461903,0.32015457788347207,0.7585081081081082,1.911,2.2476000000000003,2.369,275.1189189189189,262.7189189189189,82.csv
car,2,1497,1834,338,14.083333333333334,11.180339887498949,5.314182931085398,0.513792899408284,1.997,1.8310000000000002,3.344,267.36686390532543,257.3816568047337,82.csv
van,8,53,404,352,14.666666666666666,8.246211251235321,1.817668950850662,0.5149758522727272,1.874,0.3854,3.659,2441.090909090909,1274.5255681818182,83.csv
motor,3,3,216,214,8.916666666666666,4.242640687119285,3.2178604224058764,0.7423878504672897,1.917,1.562,2.07,2424.1308411214955,768.196261682243,84.csv
motor,3,218,566,349,14.541666666666666,4.123105625617661,3.203552318668252,0.7807134670487106,1.99,1.5098,2.666,2424.756446991404,766.8481375358166,84.csv
motor,3,585,776,192,8.0,3.1622776601683795,1.8226807888970051,0.6950208333333334,1.939,1.8956,2.096,2430.0833333333335,766.0208333333334,84.csv
motor,3,813,901,89,3.7083333333333335,3.1622776601683795,0.27169421487603307,0.7140337078651684,1.922,2.0847,2.013,2430.0337078651687,766.7303370786517,84.csv
motor,3,903,1076,174,7.25,9.848857801796104,0.3648,0.9433390804597702,1.854,1.7391999999999996,3.239,2426.2183908045977,772.1666666666666,84.csv
motor,3,1165,1279,115,4.791666666666667,2.23606797749979,0.6412849494348603,0.7874869565217391,1.89,3.9576000000000002,2.202,2417.6608695652176,769.2086956521739,84.csv
motor,3,1285,1483,199,8.291666666666666,1.4142135623730951,0.16620498614958454,0.7534572864321607,1.949,1.8435,2.378,2420.326633165829,769.3165829145729,84.csv
motor,3,1491,2832,1342,55.916666666666664,9.0,21.04816331360947,0.5519664679582713,1.993,2.0541000000000005,2.166,2422.3628912071536,767.99478390462,84.csv
motor,3,2845,3674,830,34.583333333333336,5.0,9.001617927910207,0.6161722891566265,1.969,1.8323,2.418,2435.0807228915664,770.466265060241,84.csv
motor,3,4192,4274,83,3.4583333333333335,1.0,0.8113286130778842,0.5452891566265059,1.998,3.4099000000000004,3.718,1178.301204819277,786.8313253012049,84.csv
motor,3,4292,4510,219,9.125,2.8284271247461903,0.787342139642909,0.6767579908675798,1.914,2.4776999999999996,3.693,1176.283105022831,786.2739726027397,84.csv
motor,3,5107,5194,88,3.6666666666666665,9.848857801796104,131.2944444444444,0.7108522727272727,1.846,1.7308,3.103,1183.534090909091,790.375,84.csv
car,2,64,259,196,8.166666666666666,2.23606797749979,0.47908988944079484,0.6904591836734693,1.962,1.6203000000000003,2.128,343.7244897959184,166.35204081632654,86.csv
car,2,312,721,410,17.083333333333332,11.661903789690601,22.29433760683761,0.6628780487804877,1.865,1.4546000000000001,2.066,348.38048780487804,173.6609756097561,86.csv
car,2,758,1078,321,13.375,8.48528137423857,15.101358877255517,0.9102866043613708,1.948,1.9977,2.291,349.5015576323988,176.60747663551402,86.csv
car,2,1087,1792,706,29.416666666666668,3.605551275463989,30.241802815308958,0.7451062322946177,1.946,2.0120999999999993,2.93,344.3257790368272,172.27337110481585,86.csv
car,2,1,83,83,3.4583333333333335,3.1622776601683795,0.524102079395085,0.6069277108433735,1.887,0.0,2.177,2821.4457831325303,1336.1084337349398,9.csv
car,2,178,311,134,5.583333333333333,2.0,0.3252551020408163,0.9042761194029851,1.968,1.6832999999999998,2.174,2823.4328358208954,1332.9253731343283,9.csv
car,2,315,487,173,7.208333333333333,1.4142135623730951,2.24065503737985,0.819606936416185,1.995,1.5594,2.146,2822.4450867052024,1334.3352601156068,9.csv
car,2,491,586,96,4.0,2.23606797749979,1.8666449652777777,1.3655104166666667,1.996,1.8902999999999999,2.518,2825.8020833333335,1333.6458333333333,9.csv
tricycle,6,79,370,292,12.166666666666666,5.0990195135927845,0.3817274305555555,0.7776609589041094,1.92,1.9206999999999996,4.098,2083.5479452054797,1294.4041095890411,95.csv
motor,3,150,323,174,7.25,1.4142135623730951,1.0793650793650793,1.041235632183908,1.968,1.9825000000000004,2.135,381.2183908045977,601.6034482758621,97.csv
motor,3,789,865,77,3.2083333333333335,1.0,0.869623882610896,1.1568441558441558,1.967,1.9683000000000004,2.397,387.8961038961039,605.0519480519481,97.csv
motor,3,1353,1509,157,6.541666666666667,8.94427190999916,1.51171875,0.9376178343949045,1.991,2.3706,2.773,385.4777070063694,604.5859872611464,97.csv
motor,3,1523,1694,172,7.166666666666667,5.385164807134504,1.2914742997845492,0.7331453488372093,1.988,2.4044,2.251,378.01162790697674,603.5232558139535,97.csv
motor,3,28,153,126,5.25,5.830951894845301,0.12244897959183673,1.1189126984126982,1.929,2.179,2.058,1553.5079365079366,1311.3650793650793,98.csv
motor,3,155,235,81,3.375,5.830951894845301,0.1857638888888889,0.862148148148148,1.99,1.7606000000000002,2.147,1553.1604938271605,1307.9382716049383,98.csv
motor,3,245,426,182,7.583333333333333,5.385164807134504,3.818359375,0.9300824175824176,1.857,1.8184999999999998,3.652,1551.1868131868132,1310.1153846153845,98.csv
motor,3,287,427,141,5.875,5.0990195135927845,2.908402366863905,0.7397021276595744,1.925,1.9913000000000003,2.294,3121.7304964539007,1195.0283687943263,99.csv
motor,3,736,809,74,3.0833333333333335,124.10076550932311,124.83749999999999,0.9794790307548926,1.985793103448276,2.1374856321839077,21.826,3072.810810810811,1204.3648648648648,99.csv
motor,3,1,9022,9022,375.9166666666667,0.0,5.492996255234949e-26,0.0,0.0,0.0,0.0,1733.8904999999997,460.40591249999994,1733_460.csv
motor,3,1,9022,9022,375.9166666666667,0.0,1.2924697071141057e-26,0.0,0.0,0.0,0.0,1852.669775,484.4277925000001,1852_484.csv
motor,3,1,9022,9022,375.9166666666667,0.0,0.0,0.0,0.0,0.0,0.0,1867.94395,788.9797975,1867_788.csv
motor,3,1,9022,9022,375.9166666666667,0.0,3.2311742677852644e-27,0.0,0.0,0.0,0.0,1942.919425,310.13656750000007,1942_310.csv
motor,3,1,9022,9022,375.9166666666667,0.0,5.492996255234949e-26,0.0,0.0,0.0,0.0,1953.3994249999998,265.5687024999999,1953_265.csv
motor,3,1,9022,9022,375.9166666666667,0.0,3.2311742677852644e-27,0.0,0.0,0.0,0.0,2053.8784,492.00443749999994,2053_492.csv
motor,3,1,9022,9022,375.9166666666667,0.0,2.0679515313825692e-25,0.0,0.0,0.0,0.0,2063.9328999999993,594.3687,2063_594.csv
motor,3,1,9022,9022,375.9166666666667,0.0,2.1971985020939798e-25,0.0,0.0,0.0,0.0,2068.8973750000005,546.9768624999999,2068_546.csv
car,2,1,9022,9022,375.9166666666667,0.0,0.0,0.0,0.0,0.0,0.0,2138.500225,398.77524,2138_398.csv
car,2,1,9022,9022,375.9166666666667,0.0,2.0679515313825692e-25,0.0,0.0,0.0,0.0,2144.2070500000004,627.8867875,2144_627.csv
car,2,1,9022,9022,375.9166666666667,0.0,3.2311742677852644e-27,0.0,0.0,0.0,0.0,2217.573,417.21221999999995,2217_417.csv
car,2,1,9022,9022,375.9166666666667,0.0,2.1971985020939798e-25,0.0,0.0,0.0,0.0,2218.1298749999996,626.2963499999998,2218_626.csv
car,2,1,9022,9022,375.9166666666667,0.0,2.0679515313825692e-25,0.0,0.0,0.0,0.0,2311.0107500000004,620.3067,2311_620.csv
car,2,1,9022,9022,375.9166666666667,0.0,2.100263274060422e-25,0.0,0.0,0.0,0.0,2315.8613000000005,406.51559499999996,2315_406.csv
car,2,1,9022,9022,375.9166666666667,0.0,3.2311742677852644e-27,0.0,0.0,0.0,0.0,2316.085675,406.17507500000005,2316_406.csv
car,2,1,9022,9022,375.9166666666667,0.0,2.0679515313825692e-25,0.0,0.0,0.0,0.0,2397.7312250000004,614.347525,2397_614.csv
car,2,1,9022,9022,375.9166666666667,0.0,2.100263274060422e-25,0.0,0.0,0.0,0.0,2402.6218500000004,407.92291500000005,2402_407.csv
car,2,1,9022,9022,375.9166666666667,0.0,2.0679515313825692e-25,0.0,0.0,0.0,0.0,2484.3153999999995,452.5075075,2484_452.csv
car,2,1,9022,9022,375.9166666666667,0.0,2.0679515313825692e-25,0.0,0.0,0.0,0.0,2559.8549750000006,607.96918,2559_607.csv
car,2,1,9022,9022,375.9166666666667,0.0,8.271806125530277e-25,0.0,0.0,0.0,0.0,2567.349324999999,433.85547,2567_433.csv
van,8,1,9022,9022,375.9166666666667,0.0,1.2924697071141057e-26,0.0,0.0,0.0,0.0,2649.941175,551.4942625000001,2649_551.csv
van,8,1,9022,9022,375.9166666666667,0.0,0.0,0.0,0.0,0.0,0.0,2651.489,546.03474,2651_546.csv
car,2,1,9022,9022,375.9166666666667,0.0,2.1971985020939798e-25,0.0,0.0,0.0,0.0,2651.3520500000004,620.5083500000001,2651_620.csv
car,2,1,9022,9022,375.9166666666667,0.0,2.0679515313825692e-25,0.0,0.0,0.0,0.0,2739.9350249999998,599.9645375,2739_599.csv
car,2,1,9022,9022,375.9166666666667,0.0,3.2311742677852644e-27,0.0,0.0,0.0,0.0,2744.6572,427.58136250000007,2744_427.csv
car,2,1,9022,9022,375.9166666666667,0.0,0.0,0.0,0.0,0.0,0.0,2817.832025,613.5897325,2817_613.csv
car,2,1,9022,9022,375.9166666666667,0.0,2.0679515313825692e-25,0.0,0.0,0.0,0.0,2821.0922749999995,447.3498275,2821_447.csv
car,2,1,9022,9022,375.9166666666667,0.0,2.1971985020939798e-25,0.0,0.0,0.0,0.0,2896.2805000000003,622.0231899999999,2896_622.csv
car,2,1,9022,9022,375.9166666666667,0.0,3.2311742677852644e-27,0.0,0.0,0.0,0.0,2913.424825,430.00677499999995,2913_430.csv
car,2,1,9022,9022,375.9166666666667,0.0,2.0679515313825692e-25,0.0,0.0,0.0,0.0,2980.8112250000004,613.7937575,2980_613.csv
car,2,1,9022,9022,375.9166666666667,0.0,2.100263274060422e-25,0.0,0.0,0.0,0.0,2990.4108500000007,456.60642500000006,2990_456.csv
motor,3,1,9022,9022,375.9166666666667,0.0,2.0679515313825692e-25,0.0,0.0,0.0,0.0,3055.9897500000006,395.7273525,3055_395.csv
car,2,1,9022,9022,375.9166666666667,0.0,2.1971985020939798e-25,0.0,0.0,0.0,0.0,3170.1772750000005,446.45257750000013,3170_446.csv
car,2,1,9022,9022,375.9166666666667,0.0,1.2924697071141057e-26,0.0,0.0,0.0,0.0,3241.87745,618.0225124999998,3241_618.csv
car,2,1,9022,9022,375.9166666666667,0.0,2.100263274060422e-25,0.0,0.0,0.0,0.0,3271.7981250000003,454.17641499999996,3271_454.csv
car,2,1,9022,9022,375.9166666666667,0.0,8.30411786820813e-25,0.0,0.0,0.0,0.0,3272.419699999999,455.06570000000005,3272_455.csv
truck,7,1,9022,9022,375.9166666666667,0.0,2.0679515313825692e-25,0.0,0.0,0.0,0.0,3340.8889249999997,604.0428575,3340_604.csv
car,2,1,9022,9022,375.9166666666667,0.0,2.0679515313825692e-25,0.0,0.0,0.0,0.0,3430.2785499999995,465.612635,3430_465.csv
truck,7,1,9022,9022,375.9166666666667,0.0,1.2924697071141057e-26,0.0,0.0,0.0,0.0,3439.911375,622.7880125000001,3439_622.csv
